data_type,record_id,city,region,latitude,longitude,category,product,price_bdt,units_sold,sales_amount,date,store_size,customer_rating,salesperson,coverage_value,outlets_visited,duration_hours,outlet_type,outlet_size,priority_score,potential_monthly_value,days_since_contact,no_order_reason,assigned_salesperson,brand,coverage_score,num_outlets,market_share,visit_count,total_outlets,unique_salespersons,intensity_score,from_city,to_city,from_region,to_region,from_latitude,from_longitude,to_latitude,to_longitude,distance_km,generated_at,cluster,pc1,pc2
sales,SALE0001,Rangpur,North,25.776284,89.366582,Sports,Dumbbell Set,4148.0,4.0,16592.0,2025-05-19,Small,3.4,,,,,,,,,,,,,,,,,,,,,,,,,,,,,2025-10-06T11:21:21.930749,2,-1.1669620954961935,-1.4569966410914195
sales,SALE0002,Chattogram,Central,22.435861,91.829246,Electronics,Laptop,96696.0,95.0,9186120.0,2024-12-31,Small,4.2,,,,,,,,,,,,,,,,,,,,,,,,,,,,,2025-10-06T11:21:21.930749,1,5.290125030718493,0.531233617477834
sales,SALE0003,Dhaka,Central,23.786826,90.445054,Sports,Football,1476.0,12.0,17712.0,2025-06-17,Small,4.0,,,,,,,,,,,,,,,,,,,,,,,,,,,,,2025-10-06T11:21:21.930749,3,-1.1664771706728096,-0.38695272493575206
sales,SALE0004,Chattogram,Central,22.368998,91.668403,Furniture,Office Chair,41781.0,26.0,1086306.0,2024-11-08,Large,4.1,,,,,,,,,,,,,,,,,,,,,,,,,,,,,2025-10-06T11:21:21.930749,6,0.28205714075558247,-0.26527270549785864
sales,SALE0005,Barishal,South,22.650358,90.372355,Furniture,Table,34439.0,76.0,2617364.0,2025-05-17,Small,4.5,,,,,,,,,,,,,,,,,,,,,,,,,,,,,2025-10-06T11:21:21.930749,5,1.176662958500763,1.0509796030934708
sales,SALE0006,Khulna,West,22.918882,89.526753,Clothing,Jeans,3159.0,55.0,173745.0,2025-04-15,Medium,3.3,,,,,,,,,,,,,,,,,,,,,,,,,,,,,2025-10-06T11:21:21.930749,4,-0.6330803431290347,-0.9732670303750367
sales,SALE0007,Chattogram,Central,22.329681,91.789855,Clothing,Handbag,1678.0,14.0,23492.0,2025-08-20,Medium,3.2,,,,,,,,,,,,,,,,,,,,,,,,,,,,,2025-10-06T11:21:21.930749,2,-1.1174386558552374,-1.637083067234833
sales,SALE0008,Saidpur,North,25.769968,88.982498,Electronics,Camera,87131.0,34.0,2962454.0,2025-09-14,Large,3.9,,,,,,,,,,,,,,,,,,,,,,,,,,,,,2025-10-06T11:21:21.930749,6,2.1046498558697047,-0.7160373555531085
sales,SALE0009,Brahmanbaria,East,23.966025,91.036537,Clothing,T-Shirt,1850.0,11.0,20350.0,2024-12-28,Medium,4.7,,,,,,,,,,,,,,,,,,,,,,,,,,,,,2025-10-06T11:21:21.930749,3,-1.1868051366713959,0.7132962298990483
sales,SALE0010,Dhaka,Central,23.851427,90.339249,Sports,Yoga Mat,12350.0,74.0,913900.0,2025-06-30,Large,3.1,,,,,,,,,,,,,,,,,,,,,,,,,,,,,2025-10-06T11:21:21.930749,4,0.04702651137168706,-1.0982981879777693
sales,SALE0011,Khulna,West,22.779191,89.552112,Grocery,Honey (500g),273.0,99.0,27027.0,2025-05-11,Small,4.7,,,,,,,,,,,,,,,,,,,,,,,,,,,,,2025-10-06T11:21:21.930749,5,-0.36918710406283195,1.819414739970067
sales,SALE0012,Habiganj,East,24.411923,91.426982,HomeAppliances,Refrigerator,26911.0,36.0,968796.0,2025-02-16,Large,4.7,,,,,,,,,,,,,,,,,,,,,,,,,,,,,2025-10-06T11:21:21.930749,3,-0.01781323069582454,0.8959464029250812
sales,SALE0013,Dhaka,Central,23.804518,90.394434,Furniture,Table,29260.0,46.0,1345960.0,2025-06-21,Large,3.5,,,,,,,,,,,,,,,,,,,,,,,,,,,,,2025-10-06T11:21:21.930749,2,0.3108621506786337,-0.8996135813661977
sales,SALE0014,Rangpur,North,25.720868,89.338627,Furniture,Wardrobe,47469.0,10.0,474690.0,2024-11-29,Large,3.3,,,,,,,,,,,,,,,,,,,,,,,,,,,,,2025-10-06T11:21:21.930749,2,0.04337397212019646,-1.7762998064399642
sales,SALE0015,Khulna,West,22.861804,89.517195,Grocery,Honey (500g),290.0,21.0,6090.0,2025-02-12,Medium,3.5,,,,,,,,,,,,,,,,,,,,,,,,,,,,,2025-10-06T11:21:21.930749,2,-1.0962671546338894,-1.0645426552052033
sales,SALE0016,Dhaka,Central,23.776454,90.449201,Sports,Dumbbell Set,23049.0,72.0,1659528.0,2025-06-16,Large,3.6,,,,,,,,,,,,,,,,,,,,,,,,,,,,,2025-10-06T11:21:21.930749,4,0.5400848258498373,-0.3787140975712746
sales,SALE0017,Dhaka,Central,23.86185,90.468377,Beauty,Perfume,2076.0,5.0,10380.0,2025-04-28,Medium,3.5,,,,,,,,,,,,,,,,,,,,,,,,,,,,,2025-10-06T11:21:21.930749,2,-1.2091171879649276,-1.2738862549713514
sales,SALE0018,Feni,East,22.978039,91.391447,Electronics,Tablet,82341.0,92.0,7575372.0,2025-04-28,Small,4.3,,,,,,,,,,,,,,,,,,,,,,,,,,,,,2025-10-06T11:21:21.930749,1,4.317203917917941,0.7164338935735446
sales,SALE0019,Nilphamari,North,25.909341,88.83886,Grocery,Milk Powder (400g),698.0,59.0,41182.0,2025-07-25,Medium,3.3,,,,,,,,,,,,,,,,,,,,,,,,,,,,,2025-10-06T11:21:21.930749,4,-0.7006271902862257,-0.9111020676597521
sales,SALE0020,Khulna,West,22.886226,89.621674,Clothing,Sunglasses,2599.0,69.0,179331.0,2025-05-25,Large,4.2,,,,,,,,,,,,,,,,,,,,,,,,,,,,,2025-10-06T11:21:21.930749,5,-0.5340337249234963,0.6377216892771852
sales,SALE0021,Panchagarh,North,26.348082,88.511293,Clothing,Shoes,1935.0,47.0,90945.0,2025-06-16,Small,4.0,,,,,,,,,,,,,,,,,,,,,,,,,,,,,2025-10-06T11:21:21.930749,3,-0.7897785396854493,0.047677760037753036
sales,SALE0022,Satkhira,West,22.698209,89.163879,Grocery,Rice (5kg),88.0,15.0,1320.0,2025-07-20,Large,3.3,,,,,,,,,,,,,,,,,,,,,,,,,,,,,2025-10-06T11:21:21.930749,2,-1.1548891445120288,-1.456794738750254
sales,SALE0023,Cox's Bazar,East,21.431552,91.98786,Clothing,Sunglasses,2029.0,77.0,156233.0,2025-09-04,Medium,3.8,,,,,,,,,,,,,,,,,,,,,,,,,,,,,2025-10-06T11:21:21.930749,4,-0.4669194608320138,0.10339523113306621
sales,SALE0024,Khulna,West,22.834616,89.561727,Clothing,Dress,2467.0,33.0,81411.0,2024-12-27,Small,4.4,,,,,,,,,,,,,,,,,,,,,,,,,,,,,2025-10-06T11:21:21.930749,3,-0.9282641843023103,0.5070721621402857
sales,SALE0025,Barishal,South,22.660575,90.323395,HomeAppliances,Refrigerator,37190.0,97.0,3607430.0,2025-05-23,Large,3.7,,,,,,,,,,,,,,,,,,,,,,,,,,,,,2025-10-06T11:21:21.930749,4,1.8445328712376716,0.03344900384155899
sales,SALE0026,Patuakhali,South,22.39997,90.337825,Beauty,Shampoo,3761.0,21.0,78981.0,2025-02-16,Small,4.9,,,,,,,,,,,,,,,,,,,,,,,,,,,,,2025-10-06T11:21:21.930749,3,-1.030436442251778,1.1465166524106651
sales,SALE0027,Jhenaidah,West,23.546654,89.241419,Furniture,Wardrobe,22261.0,65.0,1446965.0,2025-07-07,Large,4.8,,,,,,,,,,,,,,,,,,,,,,,,,,,,,2025-10-06T11:21:21.930749,5,0.3386837940811786,1.4472606840960582
sales,SALE0028,Manikganj,Central,23.824897,89.98034,Beauty,Face Mask,2644.0,82.0,216808.0,2025-01-20,Large,3.4,,,,,,,,,,,,,,,,,,,,,,,,,,,,,2025-10-06T11:21:21.930749,4,-0.37004161259550566,-0.4740595093302925
sales,SALE0029,Sylhet,East,24.909706,91.884363,Clothing,Jacket,3423.0,21.0,71883.0,2025-01-03,Large,4.8,,,,,,,,,,,,,,,,,,,,,,,,,,,,,2025-10-06T11:21:21.930749,3,-1.0378891335840872,0.9890628652797019
sales,SALE0030,Dhaka,Central,23.739531,90.387261,Clothing,Shoes,1627.0,63.0,102501.0,2025-09-27,Small,4.9,,,,,,,,,,,,,,,,,,,,,,,,,,,,,2025-10-06T11:21:21.930749,5,-0.663446868701327,1.6822724872005748
sales,SALE0031,Dhaka,Central,23.802236,90.436743,Clothing,Handbag,3604.0,40.0,144160.0,2025-06-06,Small,3.5,,,,,,,,,,,,,,,,,,,,,,,,,,,,,2025-10-06T11:21:21.930749,2,-0.7851469774445259,-0.8445631168938019
sales,SALE0032,Cox's Bazar,East,21.440078,92.001333,Grocery,Tea (250g),120.0,11.0,1320.0,2025-01-31,Small,5.0,,,,,,,,,,,,,,,,,,,,,,,,,,,,,2025-10-06T11:21:21.930749,3,-1.2415978582908391,1.2004223883709968
sales,SALE0033,Sunamganj,East,24.970761,91.398409,Furniture,Bookshelf,55189.0,17.0,938213.0,2025-08-02,Large,4.0,,,,,,,,,,,,,,,,,,,,,,,,,,,,,2025-10-06T11:21:21.930749,6,0.4424135471189301,-0.6123197336812476
sales,SALE0034,Khulna,West,22.848612,89.688095,Electronics,Headphones,42741.0,68.0,2906388.0,2024-11-30,Medium,4.9,,,,,,,,,,,,,,,,,,,,,,,,,,,,,2025-10-06T11:21:21.930749,5,1.3854190615492765,1.5452125156531462
sales,SALE0035,Dhaka,Central,23.800682,90.430593,Furniture,Bookshelf,54497.0,94.0,5122718.0,2024-10-18,Small,4.4,,,,,,,,,,,,,,,,,,,,,,,,,,,,,2025-10-06T11:21:21.930749,1,2.7662067700019115,1.0301801258216075
sales,SALE0036,Dhaka,Central,23.867441,90.457616,Clothing,Dress,3051.0,84.0,256284.0,2025-03-29,Medium,4.8,,,,,,,,,,,,,,,,,,,,,,,,,,,,,2025-10-06T11:21:21.930749,5,-0.36657119730063276,1.778541073173894
sales,SALE0037,Sylhet,East,24.96504,91.784589,HomeAppliances,Electric Fan,9930.0,32.0,317760.0,2025-06-13,Small,3.7,,,,,,,,,,,,,,,,,,,,,,,,,,,,,2025-10-06T11:21:21.930749,2,-0.6593787405909787,-0.6590572682604519
sales,SALE0038,Tangail,Central,24.200473,89.886022,Grocery,Tea (250g),607.0,30.0,18210.0,2024-12-09,Small,3.0,,,,,,,,,,,,,,,,,,,,,,,,,,,,,2025-10-06T11:21:21.930749,2,-0.9831631198968671,-1.750203450427207
sales,SALE0039,Dhaka,Central,23.732767,90.416614,Grocery,Honey (500g),686.0,8.0,5488.0,2025-06-11,Small,4.8,,,,,,,,,,,,,,,,,,,,,,,,,,,,,2025-10-06T11:21:21.930749,3,-1.2505339672647313,0.8414238127167502
sales,SALE0040,Tangail,Central,24.204029,90.012996,Electronics,Camera,17287.0,66.0,1140942.0,2025-06-07,Medium,4.3,,,,,,,,,,,,,,,,,,,,,,,,,,,,,2025-10-06T11:21:21.930749,5,0.13340983902122658,0.6879274728376832
sales,SALE0041,Barguna,South,22.110837,90.100676,Electronics,Tablet,78678.0,17.0,1337526.0,2024-12-18,Large,3.9,,,,,,,,,,,,,,,,,,,,,,,,,,,,,2025-10-06T11:21:21.930749,6,1.1264880405649917,-0.8974228004662431
sales,SALE0042,Patuakhali,South,22.394876,90.244248,Beauty,Lipstick,3534.0,25.0,88350.0,2025-08-19,Small,4.3,,,,,,,,,,,,,,,,,,,,,,,,,,,,,2025-10-06T11:21:21.930749,3,-0.9760693239049046,0.24223494753196
sales,SALE0043,Netrokona,Central,24.802926,90.744378,Grocery,Sugar (1kg),473.0,53.0,25069.0,2025-02-09,Large,3.1,,,,,,,,,,,,,,,,,,,,,,,,,,,,,2025-10-06T11:21:21.930749,4,-0.76412121360329,-1.3033395370665322
sales,SALE0044,Dhaka,Central,23.823294,90.459409,Beauty,Face Mask,1006.0,8.0,8048.0,2025-03-14,Large,3.7,,,,,,,,,,,,,,,,,,,,,,,,,,,,,2025-10-06T11:21:21.930749,2,-1.21080300443381,-0.9120841148912437
sales,SALE0045,Rajshahi,West,24.389697,88.641919,Clothing,Handbag,747.0,32.0,23904.0,2025-06-30,Small,4.1,,,,,,,,,,,,,,,,,,,,,,,,,,,,,2025-10-06T11:21:21.930749,3,-0.9900575150831362,0.025783624611676947
sales,SALE0046,Panchagarh,North,26.295999,88.563935,HomeAppliances,Microwave,29648.0,24.0,711552.0,2025-05-17,Medium,3.5,,,,,,,,,,,,,,,,,,,,,,,,,,,,,2025-10-06T11:21:21.930749,2,-0.136622216848748,-1.1823839187429022
sales,SALE0047,Chattogram,Central,22.371554,91.740339,Beauty,Perfume,3830.0,71.0,271930.0,2025-08-17,Small,4.3,,,,,,,,,,,,,,,,,,,,,,,,,,,,,2025-10-06T11:21:21.930749,5,-0.4543543516878367,0.8160277545148343
sales,SALE0048,Dhaka,Central,23.903589,90.44093,Electronics,Smartphone,20224.0,97.0,1961728.0,2025-06-07,Small,3.8,,,,,,,,,,,,,,,,,,,,,,,,,,,,,2025-10-06T11:21:21.930749,4,0.8285059744536348,0.27014152604173425
sales,SALE0049,Kushtia,West,23.860166,89.169725,Furniture,Bed,19008.0,52.0,988416.0,2025-09-06,Small,3.8,,,,,,,,,,,,,,,,,,,,,,,,,,,,,2025-10-06T11:21:21.930749,4,-0.007437075088538831,-0.29392940972469667
sales,SALE0050,Rajshahi,West,24.411769,88.648867,HomeAppliances,Electric Fan,19380.0,59.0,1143420.0,2025-05-13,Medium,4.4,,,,,,,,,,,,,,,,,,,,,,,,,,,,,2025-10-06T11:21:21.930749,5,0.11087734277711114,0.7483482636537632
sales,SALE0051,Kushtia,West,23.896631,89.077276,Grocery,Honey (500g),609.0,85.0,51765.0,2025-01-30,Small,3.4,,,,,,,,,,,,,,,,,,,,,,,,,,,,,2025-10-06T11:21:21.930749,4,-0.45014995735565033,-0.42704069769554487
sales,SALE0052,Sylhet,East,24.891045,91.889169,Furniture,Table,8832.0,75.0,662400.0,2025-01-02,Small,4.5,,,,,,,,,,,,,,,,,,,,,,,,,,,,,2025-10-06T11:21:21.930749,5,-0.15909787304007286,1.160638382248962
sales,SALE0053,Panchagarh,North,26.33065,88.637212,Grocery,Rice (5kg),91.0,75.0,6825.0,2025-02-04,Large,4.8,,,,,,,,,,,,,,,,,,,,,,,,,,,,,2025-10-06T11:21:21.930749,5,-0.6158560521978282,1.6801978288425963
sales,SALE0054,Bogra,North,24.881283,89.315271,Clothing,Shoes,944.0,8.0,7552.0,2025-01-19,Small,4.7,,,,,,,,,,,,,,,,,,,,,,,,,,,,,2025-10-06T11:21:21.930749,3,-1.241074461621068,0.6807670969889537
sales,SALE0055,Khulna,West,22.792055,89.569248,Electronics,Laptop,85992.0,9.0,773928.0,2024-10-26,Small,3.8,,,,,,,,,,,,,,,,,,,,,,,,,,,,,2025-10-06T11:21:21.930749,6,1.0000203813716044,-1.202442415324921
sales,SALE0056,Khagrachhari,East,23.088827,92.01284,Sports,Yoga Mat,8567.0,75.0,642525.0,2024-12-06,Small,4.2,,,,,,,,,,,,,,,,,,,,,,,,,,,,,2025-10-06T11:21:21.930749,5,-0.16407815722248126,0.68415174586237
sales,SALE0057,Dhaka,Central,23.833962,90.40813,Sports,Treadmill,22040.0,75.0,1653000.0,2024-12-21,Large,3.6,,,,,,,,,,,,,,,,,,,,,,,,,,,,,2025-10-06T11:21:21.930749,4,0.543896395682113,-0.3357933858192328
sales,SALE0058,Sunamganj,East,25.02436,91.309109,Beauty,Shampoo,1873.0,86.0,161078.0,2025-04-29,Small,3.5,,,,,,,,,,,,,,,,,,,,,,,,,,,,,2025-10-06T11:21:21.930749,4,-0.3729763462533016,-0.26122098279908124
sales,SALE0059,Lalmonirhat,North,25.927405,89.375256,Clothing,Jeans,3051.0,83.0,253233.0,2025-05-06,Medium,3.6,,,,,,,,,,,,,,,,,,,,,,,,,,,,,2025-10-06T11:21:21.930749,4,-0.3429821878493509,-0.14497510972579206
sales,SALE0060,Barguna,South,22.105807,90.129224,Grocery,Spice Mix,114.0,2.0,228.0,2025-02-14,Large,5.0,,,,,,,,,,,,,,,,,,,,,,,,,,,,,2025-10-06T11:21:21.930749,3,-1.3291344967853005,1.0882170695529412
sales,SALE0061,Dinajpur,North,25.63621,88.564722,Sports,Football,2900.0,69.0,200100.0,2025-06-19,Large,3.5,,,,,,,,,,,,,,,,,,,,,,,,,,,,,2025-10-06T11:21:21.930749,4,-0.49921349378457713,-0.47849525002615045
sales,SALE0062,Thakurgaon,North,26.084153,88.533228,HomeAppliances,Blender,6508.0,32.0,208256.0,2025-03-31,Medium,3.3,,,,,,,,,,,,,,,,,,,,,,,,,,,,,2025-10-06T11:21:21.930749,2,-0.7668533903145331,-1.2782369994288285
sales,SALE0063,Rajshahi,West,24.389352,88.654927,Furniture,Dining Set,40600.0,91.0,3694600.0,2025-05-05,Large,5.0,,,,,,,,,,,,,,,,,,,,,,,,,,,,,2025-10-06T11:21:21.930749,5,1.8593554970534982,2.0109172606800687
sales,SALE0064,Nilphamari,North,25.959052,89.081164,Sports,Dumbbell Set,17832.0,2.0,35664.0,2024-10-30,Large,3.6,,,,,,,,,,,,,,,,,,,,,,,,,,,,,2025-10-06T11:21:21.930749,2,-0.877173273431342,-1.2388688904191427
sales,SALE0065,Jhenaidah,West,23.5895,89.222383,Grocery,Honey (500g),146.0,18.0,2628.0,2025-05-24,Small,4.8,,,,,,,,,,,,,,,,,,,,,,,,,,,,,2025-10-06T11:21:21.930749,3,-1.167120730810938,0.9690771445055629
sales,SALE0066,Panchagarh,North,26.291359,88.535791,Clothing,Sunglasses,2566.0,20.0,51320.0,2025-05-20,Medium,4.2,,,,,,,,,,,,,,,,,,,,,,,,,,,,,2025-10-06T11:21:21.930749,3,-1.057496569519541,0.02561730818580297
sales,SALE0067,Bogra,North,24.965733,89.254664,Electronics,Camera,34685.0,88.0,3052280.0,2024-11-16,Medium,4.0,,,,,,,,,,,,,,,,,,,,,,,,,,,,,2025-10-06T11:21:21.930749,5,1.4794976118855367,0.4073135273082659
sales,SALE0068,Khulna,West,22.822003,89.605637,Grocery,Sugar (1kg),92.0,12.0,1104.0,2024-11-16,Medium,4.7,,,,,,,,,,,,,,,,,,,,,,,,,,,,,2025-10-06T11:21:21.930749,3,-1.2240390456595602,0.7352906803831104
sales,SALE0069,Dhaka,Central,23.774535,90.453276,Grocery,Rice (5kg),43.0,43.0,1849.0,2025-08-01,Large,5.0,,,,,,,,,,,,,,,,,,,,,,,,,,,,,2025-10-06T11:21:21.930749,3,-0.9338540493556328,1.5998848118395776
sales,SALE0070,Dinajpur,North,25.635579,88.594204,Electronics,Headphones,105154.0,57.0,5993778.0,2024-12-28,Large,3.9,,,,,,,,,,,,,,,,,,,,,,,,,,,,,2025-10-06T11:21:21.930749,1,3.8958597447473764,-0.49877400385568177
sales,SALE0071,Jessore,West,23.068743,89.211187,Grocery,Rice (5kg),154.0,10.0,1540.0,2024-10-18,Small,4.1,,,,,,,,,,,,,,,,,,,,,,,,,,,,,2025-10-06T11:21:21.930749,3,-1.224595129074215,-0.245495208622392
sales,SALE0072,Jhenaidah,West,23.502174,89.176416,Furniture,Dining Set,29196.0,75.0,2189700.0,2024-12-28,Small,3.9,,,,,,,,,,,,,,,,,,,,,,,,,,,,,2025-10-06T11:21:21.930749,4,0.902178895151782,0.10773580718109191
sales,SALE0073,Dhaka,Central,23.835549,90.464445,Sports,Football,10601.0,47.0,498247.0,2025-09-16,Medium,3.4,,,,,,,,,,,,,,,,,,,,,,,,,,,,,2025-10-06T11:21:21.930749,2,-0.42142377890408766,-0.9516835180739273
sales,SALE0074,Barishal,South,22.677253,90.3143,Electronics,Tablet,95416.0,14.0,1335824.0,2025-04-08,Large,4.8,,,,,,,,,,,,,,,,,,,,,,,,,,,,,2025-10-06T11:21:21.930749,6,1.4471899891967202,0.4059106957055792
sales,SALE0075,Jessore,West,23.106956,89.255072,Grocery,Milk Powder (400g),675.0,96.0,64800.0,2025-07-19,Small,4.7,,,,,,,,,,,,,,,,,,,,,,,,,,,,,2025-10-06T11:21:21.930749,5,-0.37464385757699564,1.7801584888134625
sales,SALE0076,Rangamati,East,22.739408,92.245248,HomeAppliances,Microwave,29020.0,4.0,116080.0,2025-07-07,Large,4.8,,,,,,,,,,,,,,,,,,,,,,,,,,,,,2025-10-06T11:21:21.930749,3,-0.6099551263978078,0.6360538307576696
sales,SALE0077,Barishal,South,22.764346,90.31104,Furniture,Dining Set,31982.0,86.0,2750452.0,2025-06-01,Medium,3.3,,,,,,,,,,,,,,,,,,,,,,,,,,,,,2025-10-06T11:21:21.930749,4,1.3036159483758958,-0.7204406733493119
sales,SALE0078,Dhaka,Central,23.832491,90.458978,Electronics,Laptop,58140.0,5.0,290700.0,2025-02-08,Small,3.4,,,,,,,,,,,,,,,,,,,,,,,,,,,,,2025-10-06T11:21:21.930749,6,0.16135801432465496,-1.7401951656360743
sales,SALE0079,Comilla,East,23.298637,91.119437,Electronics,Power Bank,53830.0,40.0,2153200.0,2025-06-12,Small,3.0,,,,,,,,,,,,,,,,,,,,,,,,,,,,,2025-10-06T11:21:21.930749,6,1.1293408129288656,-1.8984689638747814
sales,SALE0080,Chattogram,Central,22.438521,91.697392,Clothing,Jeans,1932.0,43.0,83076.0,2025-05-17,Small,4.9,,,,,,,,,,,,,,,,,,,,,,,,,,,,,2025-10-06T11:21:21.930749,3,-0.8573450268364585,1.430999482599614
sales,SALE0081,Tangail,Central,24.322064,89.833848,Electronics,Smartwatch,54025.0,83.0,4484075.0,2025-01-19,Medium,4.4,,,,,,,,,,,,,,,,,,,,,,,,,,,,,2025-10-06T11:21:21.930749,1,2.4040807793679124,0.8892877019922097
sales,SALE0082,Cox's Bazar,East,21.378125,92.033526,Beauty,Sunscreen,2912.0,4.0,11648.0,2025-08-08,Medium,3.4,,,,,,,,,,,,,,,,,,,,,,,,,,,,,2025-10-06T11:21:21.930749,2,-1.1966381045897603,-1.4502149204212191
sales,SALE0083,Dhaka,Central,23.81379,90.389381,Grocery,Sugar (1kg),79.0,14.0,1106.0,2024-12-05,Medium,3.7,,,,,,,,,,,,,,,,,,,,,,,,,,,,,2025-10-06T11:21:21.930749,2,-1.1763133537952994,-0.8322114660474796
sales,SALE0084,Khagrachhari,East,23.179301,91.895731,Grocery,Spice Mix,361.0,56.0,20216.0,2024-11-30,Large,3.2,,,,,,,,,,,,,,,,,,,,,,,,,,,,,2025-10-06T11:21:21.930749,4,-0.7423761863757851,-1.1061081345126857
sales,SALE0085,Mymensingh,Central,24.742411,90.415299,Grocery,Tea (250g),234.0,33.0,7722.0,2025-09-14,Large,3.9,,,,,,,,,,,,,,,,,,,,,,,,,,,,,2025-10-06T11:21:21.930749,2,-0.9923974466891775,-0.2775747267684177
sales,SALE0086,Sunamganj,East,25.08075,91.362638,Sports,Yoga Mat,18143.0,88.0,1596584.0,2024-10-28,Small,3.7,,,,,,,,,,,,,,,,,,,,,,,,,,,,,2025-10-06T11:21:21.930749,4,0.5574273212388569,0.0065418222355252634
sales,SALE0087,Dhaka,Central,23.780832,90.463476,Clothing,T-Shirt,3020.0,43.0,129860.0,2024-11-21,Medium,4.3,,,,,,,,,,,,,,,,,,,,,,,,,,,,,2025-10-06T11:21:21.930749,3,-0.7977181513599197,0.46994254344400127
sales,SALE0088,Dhaka,Central,23.85528,90.430938,Grocery,Rice (5kg),777.0,39.0,30303.0,2025-01-20,Medium,4.3,,,,,,,,,,,,,,,,,,,,,,,,,,,,,2025-10-06T11:21:21.930749,3,-0.9250108618446936,0.4314721604737749
sales,SALE0089,Jamalpur,Central,24.85855,89.916389,Beauty,Shampoo,3496.0,90.0,314640.0,2025-05-08,Large,3.3,,,,,,,,,,,,,,,,,,,,,,,,,,,,,2025-10-06T11:21:21.930749,4,-0.23314477455003496,-0.5372912677505747
sales,SALE0090,Chandpur,Central,23.232255,90.65704,Beauty,Lipstick,3305.0,87.0,287535.0,2025-07-09,Large,4.1,,,,,,,,,,,,,,,,,,,,,,,,,,,,,2025-10-06T11:21:21.930749,5,-0.2997885129773066,0.7000970515689992
sales,SALE0091,Rangpur,North,25.771255,89.263068,HomeAppliances,Electric Fan,37909.0,1.0,37909.0,2025-05-04,Medium,3.4,,,,,,,,,,,,,,,,,,,,,,,,,,,,,2025-10-06T11:21:21.930749,2,-0.4290296102336015,-1.6807745906201297
sales,SALE0092,Lalmonirhat,North,25.957971,89.498811,Clothing,Handbag,2675.0,78.0,208650.0,2024-11-05,Medium,3.9,,,,,,,,,,,,,,,,,,,,,,,,,,,,,2025-10-06T11:21:21.930749,4,-0.4254798935386085,0.2720660508460326
sales,SALE0093,Dhaka,Central,23.875574,90.41376,Sports,Treadmill,22638.0,28.0,633864.0,2025-01-18,Medium,4.6,,,,,,,,,,,,,,,,,,,,,,,,,,,,,2025-10-06T11:21:21.930749,3,-0.31689012562578345,0.6572301550653948
sales,SALE0094,Khulna,West,22.861808,89.532491,Beauty,Face Mask,1590.0,85.0,135150.0,2025-08-24,Medium,4.0,,,,,,,,,,,,,,,,,,,,,,,,,,,,,2025-10-06T11:21:21.930749,5,-0.4133000372690472,0.5238728783578743
sales,SALE0095,Bandarban,East,22.159089,92.345543,Grocery,Honey (500g),674.0,43.0,28982.0,2025-08-20,Small,4.3,,,,,,,,,,,,,,,,,,,,,,,,,,,,,2025-10-06T11:21:21.930749,3,-0.8891739732525547,0.4819072433388552
sales,SALE0096,Khulna,West,22.903506,89.5878,Clothing,Jeans,3603.0,26.0,93678.0,2025-07-23,Small,3.1,,,,,,,,,,,,,,,,,,,,,,,,,,,,,2025-10-06T11:21:21.930749,2,-0.928383055975729,-1.6566399869614037
sales,SALE0097,Kishoreganj,Central,24.432688,90.729465,HomeAppliances,Electric Fan,42060.0,99.0,4163940.0,2025-08-30,Medium,3.8,,,,,,,,,,,,,,,,,,,,,,,,,,,,,2025-10-06T11:21:21.930749,1,2.1841129950419806,0.19624502188306847
sales,SALE0098,Dhaka,Central,23.859056,90.403677,Grocery,Honey (500g),629.0,25.0,15725.0,2024-10-15,Medium,4.0,,,,,,,,,,,,,,,,,,,,,,,,,,,,,2025-10-06T11:21:21.930749,3,-1.0606340660249673,-0.2201848838262355
sales,SALE0099,Rajshahi,West,24.384247,88.590277,Electronics,Tablet,27342.0,84.0,2296728.0,2024-10-19,Small,4.8,,,,,,,,,,,,,,,,,,,,,,,,,,,,,2025-10-06T11:21:21.930749,5,0.9627691893147794,1.6645331851545906
sales,SALE0100,Dinajpur,North,25.645548,88.602883,Electronics,Laptop,110029.0,55.0,6051595.0,2025-06-16,Small,4.6,,,,,,,,,,,,,,,,,,,,,,,,,,,,,2025-10-06T11:21:21.930749,1,3.988208089464014,0.564677681729285
sales,SALE0101,Dhaka,Central,23.786748,90.426423,Beauty,Face Mask,4443.0,60.0,266580.0,2025-09-11,Large,3.5,,,,,,,,,,,,,,,,,,,,,,,,,,,,,2025-10-06T11:21:21.930749,4,-0.5259938294798191,-0.5985909643170649
sales,SALE0102,Dhaka,Central,23.737896,90.328052,Sports,Football,15457.0,18.0,278226.0,2025-02-11,Large,4.1,,,,,,,,,,,,,,,,,,,,,,,,,,,,,2025-10-06T11:21:21.930749,3,-0.6971256233098316,-0.22756525881841133
sales,SALE0103,Manikganj,Central,23.824078,89.987193,Sports,Yoga Mat,20011.0,41.0,820451.0,2025-02-22,Large,4.6,,,,,,,,,,,,,,,,,,,,,,,,,,,,,2025-10-06T11:21:21.930749,3,-0.17864780402632108,0.8357053668491142
sales,SALE0104,Feni,East,23.062883,91.400404,Grocery,Tea (250g),476.0,71.0,33796.0,2025-02-20,Small,4.5,,,,,,,,,,,,,,,,,,,,,,,,,,,,,2025-10-06T11:21:21.930749,5,-0.6269007133422796,1.150704613192278
sales,SALE0105,Dhaka,Central,23.809374,90.39518,Clothing,Dress,2143.0,34.0,72862.0,2025-06-02,Large,3.6,,,,,,,,,,,,,,,,,,,,,,,,,,,,,2025-10-06T11:21:21.930749,2,-0.9062132811686572,-0.7527630894100785
sales,SALE0106,Dhaka,Central,23.826436,90.362866,Electronics,Power Bank,90149.0,31.0,2794619.0,2025-05-19,Medium,3.2,,,,,,,,,,,,,,,,,,,,,,,,,,,,,2025-10-06T11:21:21.930749,6,2.099123240564201,-1.8865495089516362
sales,SALE0107,Chandpur,Central,23.227862,90.674103,Grocery,Sugar (1kg),280.0,35.0,9800.0,2025-04-18,Medium,4.8,,,,,,,,,,,,,,,,,,,,,,,,,,,,,2025-10-06T11:21:21.930749,3,-0.9970552227935907,1.1803932795619259
sales,SALE0108,Khulna,West,22.856805,89.541056,Beauty,Perfume,1333.0,20.0,26660.0,2025-06-10,Medium,4.4,,,,,,,,,,,,,,,,,,,,,,,,,,,,,2025-10-06T11:21:21.930749,3,-1.100412622021557,0.3506896115449568
sales,SALE0109,Dhaka,Central,23.811526,90.44238,Grocery,Honey (500g),259.0,9.0,2331.0,2025-03-08,Medium,3.7,,,,,,,,,,,,,,,,,,,,,,,,,,,,,2025-10-06T11:21:21.930749,2,-1.2201213343789292,-0.8955427801018182
sales,SALE0110,Dinajpur,North,25.740959,88.587259,Grocery,Milk Powder (400g),465.0,8.0,3720.0,2025-06-23,Medium,3.8,,,,,,,,,,,,,,,,,,,,,,,,,,,,,2025-10-06T11:21:21.930749,2,-1.2274918899772247,-0.749885853274817
sales,SALE0111,Bogra,North,24.95949,89.318202,Sports,Yoga Mat,23290.0,3.0,69870.0,2024-12-16,Medium,4.0,,,,,,,,,,,,,,,,,,,,,,,,,,,,,2025-10-06T11:21:21.930749,2,-0.7431875877453206,-0.6192181489594771
sales,SALE0112,Sylhet,East,24.788705,91.837155,Furniture,Sofa,24569.0,97.0,2383193.0,2025-03-21,Medium,4.1,,,,,,,,,,,,,,,,,,,,,,,,,,,,,2025-10-06T11:21:21.930749,5,1.079369923649202,0.7280628541716656
sales,SALE0113,Bogra,North,24.867088,89.47927,Electronics,Tablet,71993.0,29.0,2087797.0,2025-05-20,Medium,4.0,,,,,,,,,,,,,,,,,,,,,,,,,,,,,2025-10-06T11:21:21.930749,6,1.3774236023785886,-0.544149050833305
sales,SALE0114,Khulna,West,22.800679,89.569815,Beauty,Lipstick,2953.0,86.0,253958.0,2024-10-24,Medium,4.4,,,,,,,,,,,,,,,,,,,,,,,,,,,,,2025-10-06T11:21:21.930749,5,-0.33886220314123244,1.1669936838468173
sales,SALE0115,Pirojpur,South,22.513988,90.089888,Beauty,Lipstick,1245.0,80.0,99600.0,2025-01-06,Small,4.8,,,,,,,,,,,,,,,,,,,,,,,,,,,,,2025-10-06T11:21:21.930749,5,-0.5059766580219053,1.7370890471606106
sales,SALE0116,Barguna,South,22.208972,90.091849,Beauty,Sunscreen,4823.0,85.0,409955.0,2025-09-23,Small,4.3,,,,,,,,,,,,,,,,,,,,,,,,,,,,,2025-10-06T11:21:21.930749,5,-0.24373704464874504,0.986485158481331
sales,SALE0117,Chuadanga,West,23.556043,88.924532,Electronics,Headphones,68515.0,24.0,1644360.0,2025-09-11,Medium,3.8,,,,,,,,,,,,,,,,,,,,,,,,,,,,,2025-10-06T11:21:21.930749,6,1.0864160277384847,-0.9101771079093345
sales,SALE0118,Habiganj,East,24.369273,91.490969,Beauty,Face Cream,3924.0,42.0,164808.0,2025-04-17,Medium,3.6,,,,,,,,,,,,,,,,,,,,,,,,,,,,,2025-10-06T11:21:21.930749,2,-0.7535668585165503,-0.6619359919915742
sales,SALE0119,Barishal,South,22.701262,90.356319,Furniture,Dining Set,32627.0,33.0,1076691.0,2025-08-26,Medium,3.0,,,,,,,,,,,,,,,,,,,,,,,,,,,,,2025-10-06T11:21:21.930749,2,0.17184867820552435,-1.8792551538362057
sales,SALE0120,Feni,East,22.997497,91.447371,Sports,Yoga Mat,2206.0,45.0,99270.0,2025-06-14,Large,3.1,,,,,,,,,,,,,,,,,,,,,,,,,,,,,2025-10-06T11:21:21.930749,2,-0.7740023096508399,-1.4119389738068775
sales,SALE0121,Mymensingh,Central,24.756015,90.410866,Electronics,Smartphone,106858.0,4.0,427432.0,2025-06-02,Small,4.7,,,,,,,,,,,,,,,,,,,,,,,,,,,,,2025-10-06T11:21:21.930749,6,1.2617819185582968,0.04971868460110106
sales,SALE0122,Sylhet,East,24.818194,91.945361,Grocery,Tea (250g),196.0,31.0,6076.0,2025-08-03,Medium,4.3,,,,,,,,,,,,,,,,,,,,,,,,,,,,,2025-10-06T11:21:21.930749,3,-1.0246879393393564,0.3346848737692028
sales,SALE0123,Dhaka,Central,23.887858,90.41944,Grocery,Tea (250g),263.0,60.0,15780.0,2024-10-13,Medium,4.5,,,,,,,,,,,,,,,,,,,,,,,,,,,,,2025-10-06T11:21:21.930749,5,-0.7449168553291764,1.0145359569877719
sales,SALE0124,Cox's Bazar,East,21.530237,92.11112,Beauty,Face Cream,1138.0,100.0,113800.0,2025-07-15,Medium,3.2,,,,,,,,,,,,,,,,,,,,,,,,,,,,,2025-10-06T11:21:21.930749,4,-0.26373458040189873,-0.5608055954635407
sales,SALE0125,Gaibandha,North,25.282269,89.582118,Clothing,T-Shirt,1577.0,74.0,116698.0,2024-10-25,Medium,3.8,,,,,,,,,,,,,,,,,,,,,,,,,,,,,2025-10-06T11:21:21.930749,4,-0.5212512698871371,0.0680919005850645
sales,SALE0126,Natore,North,24.472921,88.974476,Furniture,Wardrobe,17997.0,10.0,179970.0,2024-12-07,Large,4.7,,,,,,,,,,,,,,,,,,,,,,,,,,,,,2025-10-06T11:21:21.930749,3,-0.7722975362035174,0.6131731525112912
sales,SALE0127,Rangpur,North,25.73043,89.318253,Clothing,Jeans,717.0,90.0,64530.0,2025-05-05,Large,4.2,,,,,,,,,,,,,,,,,,,,,,,,,,,,,2025-10-06T11:21:21.930749,5,-0.41744814989131734,0.908848522199497
sales,SALE0128,Cox's Bazar,East,21.508631,91.922994,HomeAppliances,Refrigerator,39088.0,6.0,234528.0,2025-04-12,Large,3.9,,,,,,,,,,,,,,,,,,,,,,,,,,,,,2025-10-06T11:21:21.930749,2,-0.29306138794374054,-0.826734907403151
sales,SALE0129,Nilphamari,North,25.848131,88.846667,Sports,Badminton Racket,2759.0,65.0,179335.0,2024-11-09,Medium,3.0,,,,,,,,,,,,,,,,,,,,,,,,,,,,,2025-10-06T11:21:21.930749,4,-0.5346700983406703,-1.324057651190826
sales,SALE0130,Mymensingh,Central,24.646628,90.374653,Sports,Treadmill,16562.0,14.0,231868.0,2025-02-27,Medium,4.3,,,,,,,,,,,,,,,,,,,,,,,,,,,,,2025-10-06T11:21:21.930749,3,-0.7344874743683238,0.0344919422018852
sales,SALE0131,Tangail,Central,24.26833,89.863607,Furniture,Dining Set,35129.0,91.0,3196739.0,2025-07-20,Medium,3.4,,,,,,,,,,,,,,,,,,,,,,,,,,,,,2025-10-06T11:21:21.930749,4,1.5911476735733343,-0.51180642860515
sales,SALE0132,Chattogram,Central,22.353766,91.840509,Clothing,Shoes,2964.0,35.0,103740.0,2024-11-25,Large,4.5,,,,,,,,,,,,,,,,,,,,,,,,,,,,,2025-10-06T11:21:21.930749,3,-0.8920607632684119,0.6887377681315655
sales,SALE0133,Pabna,North,23.973487,89.202428,Electronics,Power Bank,65091.0,94.0,6118554.0,2024-12-07,Medium,3.6,,,,,,,,,,,,,,,,,,,,,,,,,,,,,2025-10-06T11:21:21.930749,1,3.4095958046940607,-0.2925020953851804
sales,SALE0134,Chattogram,Central,22.351548,91.721085,Electronics,Tablet,116885.0,12.0,1402620.0,2025-05-17,Medium,3.5,,,,,,,,,,,,,,,,,,,,,,,,,,,,,2025-10-06T11:21:21.930749,6,1.9732933141023183,-1.8072822761255511
sales,SALE0135,Chattogram,Central,22.455136,91.785316,Clothing,Dress,2634.0,79.0,208086.0,2024-10-29,Medium,3.7,,,,,,,,,,,,,,,,,,,,,,,,,,,,,2025-10-06T11:21:21.930749,4,-0.41121561965875153,-0.033745915169889874
sales,SALE0136,Dhaka,Central,23.775314,90.425339,HomeAppliances,Electric Fan,23300.0,24.0,559200.0,2025-01-30,Small,3.7,,,,,,,,,,,,,,,,,,,,,,,,,,,,,2025-10-06T11:21:21.930749,2,-0.3435195841506894,-0.8303099691342493
sales,SALE0137,Gaibandha,North,25.244384,89.486742,Sports,Badminton Racket,11652.0,36.0,419472.0,2024-12-05,Large,4.8,,,,,,,,,,,,,,,,,,,,,,,,,,,,,2025-10-06T11:21:21.930749,3,-0.5745239314541967,1.1340786301911279
sales,SALE0138,Manikganj,Central,23.833475,89.965451,HomeAppliances,Washing Machine,2665.0,67.0,178555.0,2025-07-01,Small,3.5,,,,,,,,,,,,,,,,,,,,,,,,,,,,,2025-10-06T11:21:21.930749,4,-0.5320964952763949,-0.5023496746630632
sales,SALE0139,Rangpur,North,25.66814,89.357212,Clothing,Dress,2301.0,72.0,165672.0,2025-06-05,Large,4.0,,,,,,,,,,,,,,,,,,,,,,,,,,,,,2025-10-06T11:21:21.930749,5,-0.5112436109299558,0.35813963991566733
sales,SALE0140,Mymensingh,Central,24.778828,90.398675,HomeAppliances,Air Conditioner,34166.0,58.0,1981628.0,2025-09-28,Small,3.6,,,,,,,,,,,,,,,,,,,,,,,,,,,,,2025-10-06T11:21:21.930749,4,0.7782912163620999,-0.6115340734033728
sales,SALE0141,Cox's Bazar,East,21.420804,91.948468,Grocery,Milk Powder (400g),748.0,32.0,23936.0,2025-05-03,Large,4.2,,,,,,,,,,,,,,,,,,,,,,,,,,,,,2025-10-06T11:21:21.930749,3,-0.9928915183398577,0.1850297642800794
sales,SALE0142,Jessore,West,23.132182,89.114665,Furniture,Bed,41272.0,68.0,2806496.0,2025-04-13,Medium,5.0,,,,,,,,,,,,,,,,,,,,,,,,,,,,,2025-10-06T11:21:21.930749,5,1.3111826778014326,1.711591603111199
sales,SALE0143,Dhaka,Central,23.777971,90.347607,Clothing,Shoes,1654.0,46.0,76084.0,2024-10-12,Medium,3.5,,,,,,,,,,,,,,,,,,,,,,,,,,,,,2025-10-06T11:21:21.930749,2,-0.7971204840619016,-0.7596431617594536
sales,SALE0144,Dhaka,Central,23.894657,90.465398,Beauty,Shampoo,2088.0,16.0,33408.0,2025-06-30,Medium,3.2,,,,,,,,,,,,,,,,,,,,,,,,,,,,,2025-10-06T11:21:21.930749,2,-1.0850876610154487,-1.6143111117797606
sales,SALE0145,Kishoreganj,Central,24.437168,90.731623,Clothing,Shoes,3421.0,89.0,304469.0,2025-07-04,Small,3.4,,,,,,,,,,,,,,,,,,,,,,,,,,,,,2025-10-06T11:21:21.930749,4,-0.2512689519214759,-0.3901960420529925
sales,SALE0146,Bogra,North,24.798138,89.35528,HomeAppliances,Electric Fan,20120.0,93.0,1871160.0,2024-12-09,Large,4.2,,,,,,,,,,,,,,,,,,,,,,,,,,,,,2025-10-06T11:21:21.930749,5,0.7412612424274839,0.8569445053347897
sales,SALE0147,Khulna,West,22.891909,89.654865,Clothing,T-Shirt,3710.0,25.0,92750.0,2025-05-08,Small,3.7,,,,,,,,,,,,,,,,,,,,,,,,,,,,,2025-10-06T11:21:21.930749,2,-0.9532119571783443,-0.7142021717499171
sales,SALE0148,Rajshahi,West,24.293672,88.657878,Sports,Badminton Racket,963.0,91.0,87633.0,2025-01-06,Small,3.5,,,,,,,,,,,,,,,,,,,,,,,,,,,,,2025-10-06T11:21:21.930749,4,-0.3733031227008167,-0.19457157331082675
sales,SALE0149,Dhaka,Central,23.777768,90.383272,Electronics,Smartphone,80529.0,38.0,3060102.0,2024-10-14,Small,4.3,,,,,,,,,,,,,,,,,,,,,,,,,,,,,2025-10-06T11:21:21.930749,6,2.020952729610161,0.008301377352147447
sales,SALE0150,Chattogram,Central,22.359326,91.733343,Furniture,Dining Set,37170.0,14.0,520380.0,2025-09-30,Large,3.6,,,,,,,,,,,,,,,,,,,,,,,,,,,,,2025-10-06T11:21:21.930749,2,-0.14048969456803748,-1.1912962526783155
sales,SALE0151,Barishal,South,22.689053,90.299046,Sports,Treadmill,14933.0,44.0,657052.0,2025-07-04,Small,3.5,,,,,,,,,,,,,,,,,,,,,,,,,,,,,2025-10-06T11:21:21.930749,2,-0.2949566767759906,-0.8522072160793003
sales,SALE0152,Habiganj,East,24.346161,91.462023,Beauty,Lipstick,1134.0,9.0,10206.0,2025-03-15,Medium,3.1,,,,,,,,,,,,,,,,,,,,,,,,,,,,,2025-10-06T11:21:21.930749,2,-1.1802204747447773,-1.8558084588184123
sales,SALE0153,Chattogram,Central,22.361867,91.828283,Grocery,Honey (500g),742.0,7.0,5194.0,2025-07-21,Small,4.6,,,,,,,,,,,,,,,,,,,,,,,,,,,,,2025-10-06T11:21:21.930749,3,-1.2533155063893993,0.5101389767212313
sales,SALE0154,Narayanganj,Central,23.577069,90.533936,Furniture,Sofa,10582.0,32.0,338624.0,2025-08-07,Large,4.5,,,,,,,,,,,,,,,,,,,,,,,,,,,,,2025-10-06T11:21:21.930749,3,-0.6596651414805369,0.6115571653789291
sales,SALE0155,Khulna,West,22.764223,89.543185,Clothing,Shoes,2741.0,80.0,219280.0,2025-06-13,Large,3.8,,,,,,,,,,,,,,,,,,,,,,,,,,,,,2025-10-06T11:21:21.930749,4,-0.397717024124071,0.137494854465961
sales,SALE0156,Dhaka,Central,23.84223,90.312809,Grocery,Milk Powder (400g),344.0,76.0,26144.0,2025-03-01,Medium,4.1,,,,,,,,,,,,,,,,,,,,,,,,,,,,,2025-10-06T11:21:21.930749,5,-0.5730065705046455,0.5767015196339882
sales,SALE0157,Chattogram,Central,22.324308,91.786044,Clothing,T-Shirt,2797.0,95.0,265715.0,2025-08-17,Small,4.3,,,,,,,,,,,,,,,,,,,,,,,,,,,,,2025-10-06T11:21:21.930749,5,-0.24800276030446836,1.1209487179821938
sales,SALE0158,Rajshahi,West,24.413915,88.589486,Electronics,Smartwatch,94563.0,11.0,1040193.0,2025-07-18,Small,3.3,,,,,,,,,,,,,,,,,,,,,,,,,,,,,2025-10-06T11:21:21.930749,6,1.3285497934515351,-2.0184865985958163
sales,SALE0159,Sylhet,East,24.92139,91.955194,Grocery,Rice (5kg),200.0,1.0,200.0,2025-03-11,Medium,4.4,,,,,,,,,,,,,,,,,,,,,,,,,,,,,2025-10-06T11:21:21.930749,3,-1.3196646336991287,0.11976368143816213
sales,SALE0160,Comilla,East,23.489554,91.168717,Clothing,Dress,1492.0,5.0,7460.0,2025-06-10,Medium,4.4,,,,,,,,,,,,,,,,,,,,,,,,,,,,,2025-10-06T11:21:21.930749,3,-1.2491819602667174,0.16257440053937058
sales,SALE0161,Faridpur,Central,23.618557,89.797061,Sports,Dumbbell Set,15377.0,10.0,153770.0,2024-10-20,Small,4.8,,,,,,,,,,,,,,,,,,,,,,,,,,,,,2025-10-06T11:21:21.930749,3,-0.8441074338752472,0.7866440886631898
sales,SALE0162,Barguna,South,22.154329,90.110659,Furniture,Dining Set,56855.0,81.0,4605255.0,2024-12-09,Large,4.6,,,,,,,,,,,,,,,,,,,,,,,,,,,,,2025-10-06T11:21:21.930749,1,2.4891419342340533,1.1684127438332297
sales,SALE0163,Bogra,North,24.86688,89.341987,Beauty,Face Cream,3682.0,15.0,55230.0,2025-01-01,Small,4.3,,,,,,,,,,,,,,,,,,,,,,,,,,,,,2025-10-06T11:21:21.930749,3,-1.0821068213517095,0.11639116823272341
sales,SALE0164,Chattogram,Central,22.376623,91.757941,Electronics,Smartwatch,116348.0,19.0,2210612.0,2025-08-31,Small,3.3,,,,,,,,,,,,,,,,,,,,,,,,,,,,,2025-10-06T11:21:21.930749,6,2.344843123129004,-2.0275157307431537
sales,SALE0165,Pabna,North,24.043556,89.230439,Grocery,Sugar (1kg),649.0,96.0,62304.0,2024-12-19,Medium,3.9,,,,,,,,,,,,,,,,,,,,,,,,,,,,,2025-10-06T11:21:21.930749,4,-0.3532364078005653,0.5062666330295919
sales,SALE0166,Rangpur,North,25.641994,89.214715,Beauty,Lipstick,2691.0,90.0,242190.0,2025-03-14,Medium,4.0,,,,,,,,,,,,,,,,,,,,,,,,,,,,,2025-10-06T11:21:21.930749,5,-0.29913472866945134,0.5811984757241611
sales,SALE0167,Mymensingh,Central,24.750921,90.480586,Clothing,Dress,2093.0,11.0,23023.0,2024-12-04,Small,4.8,,,,,,,,,,,,,,,,,,,,,,,,,,,,,2025-10-06T11:21:21.930749,3,-1.183186441990338,0.8712311490908469
sales,SALE0168,Sylhet,East,24.93637,91.736032,Beauty,Face Mask,2840.0,78.0,221520.0,2025-05-31,Small,3.2,,,,,,,,,,,,,,,,,,,,,,,,,,,,,2025-10-06T11:21:21.930749,4,-0.3967489285330981,-0.8434776236660141
sales,SALE0169,Pirojpur,South,22.506071,90.048625,Grocery,Honey (500g),629.0,76.0,47804.0,2025-09-26,Large,4.6,,,,,,,,,,,,,,,,,,,,,,,,,,,,,2025-10-06T11:21:21.930749,5,-0.5726289860787164,1.3715980265591052
sales,SALE0170,Dhaka,Central,23.841939,90.548742,HomeAppliances,Washing Machine,4636.0,98.0,454328.0,2025-07-09,Medium,4.0,,,,,,,,,,,,,,,,,,,,,,,,,,,,,2025-10-06T11:21:21.930749,5,-0.09665498736016569,0.6723112435402204
sales,SALE0171,Panchagarh,North,26.307032,88.499009,HomeAppliances,Electric Fan,20229.0,24.0,485496.0,2024-12-11,Medium,4.3,,,,,,,,,,,,,,,,,,,,,,,,,,,,,2025-10-06T11:21:21.930749,3,-0.4580481498672409,0.14143903656198975
sales,SALE0172,Sylhet,East,24.898478,91.840041,HomeAppliances,Electric Fan,7979.0,61.0,486719.0,2025-04-11,Medium,3.7,,,,,,,,,,,,,,,,,,,,,,,,,,,,,2025-10-06T11:21:21.930749,4,-0.3580767056737714,-0.28497697925831456
sales,SALE0173,Satkhira,West,22.751877,89.039399,Beauty,Face Mask,1056.0,21.0,22176.0,2025-04-21,Medium,4.4,,,,,,,,,,,,,,,,,,,,,,,,,,,,,2025-10-06T11:21:21.930749,3,-1.0986948003917287,0.3646457200065514
sales,SALE0174,Dhaka,Central,23.796806,90.353774,Beauty,Shampoo,3480.0,98.0,341040.0,2024-12-29,Small,3.9,,,,,,,,,,,,,,,,,,,,,,,,,,,,,2025-10-06T11:21:21.930749,4,-0.16326288753396487,0.5183249828855258
sales,SALE0175,Jhenaidah,West,23.579649,89.12797,Electronics,Camera,41082.0,42.0,1725444.0,2025-08-08,Medium,4.7,,,,,,,,,,,,,,,,,,,,,,,,,,,,,2025-10-06T11:21:21.930749,3,0.649167268057158,0.8999529444177181
sales,SALE0176,Sirajganj,North,24.470672,89.812608,Grocery,Spice Mix,41.0,85.0,3485.0,2025-01-02,Medium,3.8,,,,,,,,,,,,,,,,,,,,,,,,,,,,,2025-10-06T11:21:21.930749,4,-0.49292725492505374,0.21262492741856354
sales,SALE0177,Sylhet,East,24.805964,91.958463,Clothing,Jeans,2423.0,47.0,113881.0,2024-11-22,Medium,4.3,,,,,,,,,,,,,,,,,,,,,,,,,,,,,2025-10-06T11:21:21.930749,3,-0.77861130347722,0.522962344829258
sales,SALE0178,Mymensingh,Central,24.763998,90.312471,Sports,Football,7170.0,35.0,250950.0,2024-12-29,Small,4.9,,,,,,,,,,,,,,,,,,,,,,,,,,,,,2025-10-06T11:21:21.930749,3,-0.7524893799037932,1.30395867681502
sales,SALE0179,Cox's Bazar,East,21.43267,92.049346,Grocery,Milk Powder (400g),755.0,63.0,47565.0,2025-08-05,Small,4.9,,,,,,,,,,,,,,,,,,,,,,,,,,,,,2025-10-06T11:21:21.930749,5,-0.704136748235337,1.6865467613691345
sales,SALE0180,Natore,North,24.380476,89.108288,Sports,Yoga Mat,8341.0,91.0,759031.0,2025-07-17,Medium,4.1,,,,,,,,,,,,,,,,,,,,,,,,,,,,,2025-10-06T11:21:21.930749,5,0.03307945606068579,0.7268206642547442
sales,SALE0181,Bogra,North,24.929659,89.336027,Grocery,Tea (250g),457.0,12.0,5484.0,2025-06-13,Small,3.9,,,,,,,,,,,,,,,,,,,,,,,,,,,,,2025-10-06T11:21:21.930749,2,-1.1912042599106536,-0.5406938432513634
sales,SALE0182,Barguna,South,22.10052,90.112453,Sports,Football,21724.0,20.0,434480.0,2025-01-24,Large,3.6,,,,,,,,,,,,,,,,,,,,,,,,,,,,,2025-10-06T11:21:21.930749,2,-0.4626147345051868,-1.0319674326205464
sales,SALE0183,Chuadanga,West,23.644486,88.908951,Beauty,Face Mask,2439.0,54.0,131706.0,2025-02-01,Medium,3.5,,,,,,,,,,,,,,,,,,,,,,,,,,,,,2025-10-06T11:21:21.930749,4,-0.6808046486386635,-0.6636719178532303
sales,SALE0184,Bogra,North,24.8421,89.341087,Clothing,Shoes,892.0,50.0,44600.0,2025-07-01,Large,4.0,,,,,,,,,,,,,,,,,,,,,,,,,,,,,2025-10-06T11:21:21.930749,3,-0.8020187796572973,0.09039148364994144
sales,SALE0185,Jhenaidah,West,23.491195,89.084009,Electronics,Headphones,17150.0,36.0,617400.0,2025-03-08,Medium,4.9,,,,,,,,,,,,,,,,,,,,,,,,,,,,,2025-10-06T11:21:21.930749,3,-0.37783682824417864,1.2649082560924478
sales,SALE0186,Jessore,West,23.105502,89.122295,Sports,Yoga Mat,9254.0,1.0,9254.0,2025-05-15,Large,3.6,,,,,,,,,,,,,,,,,,,,,,,,,,,,,2025-10-06T11:21:21.930749,2,-1.0897593780020771,-1.2041942408357595
sales,SALE0187,Jamalpur,Central,24.88702,89.859811,Clothing,Shoes,2675.0,85.0,227375.0,2025-01-29,Small,3.9,,,,,,,,,,,,,,,,,,,,,,,,,,,,,2025-10-06T11:21:21.930749,4,-0.35063737569525183,0.3595399284320299
sales,SALE0188,Dhaka,Central,23.675456,90.409242,Electronics,Power Bank,53236.0,43.0,2289148.0,2024-12-28,Large,3.8,,,,,,,,,,,,,,,,,,,,,,,,,,,,,2025-10-06T11:21:21.930749,6,1.1742324660887298,-0.5824179388227806
sales,SALE0189,Jhalokati,South,22.732448,90.267594,Clothing,Jacket,3861.0,25.0,96525.0,2024-10-14,Small,4.1,,,,,,,,,,,,,,,,,,,,,,,,,,,,,2025-10-06T11:21:21.930749,3,-0.9598440420108535,-0.07799383900086888
sales,SALE0190,Dhaka,Central,23.796856,90.346108,Grocery,Cooking Oil (1L),460.0,6.0,2760.0,2025-04-27,Large,3.9,,,,,,,,,,,,,,,,,,,,,,,,,,,,,2025-10-06T11:21:21.930749,2,-1.250171063628872,-0.6155558701577054
sales,SALE0191,Dhaka,Central,23.938968,90.416053,Sports,Treadmill,13151.0,85.0,1117835.0,2024-11-07,Small,4.0,,,,,,,,,,,,,,,,,,,,,,,,,,,,,2025-10-06T11:21:21.930749,5,0.2238218568504438,0.4697268962723667
sales,SALE0192,Dhaka,Central,23.820204,90.403838,HomeAppliances,Refrigerator,10273.0,65.0,667745.0,2024-12-08,Medium,4.7,,,,,,,,,,,,,,,,,,,,,,,,,,,,,2025-10-06T11:21:21.930749,5,-0.22704552128875008,1.3465330173256833
sales,SALE0193,Chattogram,Central,22.355262,91.750595,Furniture,Dining Set,33855.0,13.0,440115.0,2025-01-10,Medium,3.0,,,,,,,,,,,,,,,,,,,,,,,,,,,,,2025-10-06T11:21:21.930749,2,-0.23826054827465531,-2.1417497748016068
sales,SALE0194,Narayanganj,Central,23.597451,90.58994,Electronics,Headphones,61736.0,84.0,5185824.0,2025-07-19,Small,3.9,,,,,,,,,,,,,,,,,,,,,,,,,,,,,2025-10-06T11:21:21.930749,1,2.8708215327559503,0.06984552615136197
sales,SALE0195,Cox's Bazar,East,21.489504,91.881397,Clothing,Jacket,1686.0,80.0,134880.0,2024-10-17,Medium,4.3,,,,,,,,,,,,,,,,,,,,,,,,,,,,,2025-10-06T11:21:21.930749,5,-0.4681761215046775,0.9387450098555012
sales,SALE0196,Chattogram,Central,22.286524,91.736531,Furniture,Dining Set,26532.0,87.0,2308284.0,2025-01-06,Medium,4.9,,,,,,,,,,,,,,,,,,,,,,,,,,,,,2025-10-06T11:21:21.930749,5,0.9751276390639243,1.8657848222226605
sales,SALE0197,Tangail,Central,24.296784,89.996293,Clothing,Sunglasses,3243.0,98.0,317814.0,2025-01-30,Large,3.1,,,,,,,,,,,,,,,,,,,,,,,,,,,,,2025-10-06T11:21:21.930749,4,-0.15455669726061816,-0.7546063733890056
sales,SALE0198,Dhaka,Central,23.846384,90.344757,Furniture,Office Chair,20385.0,81.0,1651185.0,2024-10-21,Medium,5.0,,,,,,,,,,,,,,,,,,,,,,,,,,,,,2025-10-06T11:21:21.930749,5,0.5238308492304408,1.9776722854109787
sales,SALE0199,Dhaka,Central,23.784074,90.441862,Electronics,Laptop,64881.0,13.0,843453.0,2024-11-16,Large,4.7,,,,,,,,,,,,,,,,,,,,,,,,,,,,,2025-10-06T11:21:21.930749,6,0.565107532391565,0.3980581290715486
sales,SALE0200,Kushtia,West,23.896884,89.100011,Furniture,Bed,15902.0,89.0,1415278.0,2025-05-06,Small,3.1,,,,,,,,,,,,,,,,,,,,,,,,,,,,,2025-10-06T11:21:21.930749,4,0.4643283184473874,-0.9259097673088841
sales,SALE0201,Sirajganj,North,24.431952,89.76956,Beauty,Perfume,2603.0,46.0,119738.0,2025-03-29,Medium,3.3,,,,,,,,,,,,,,,,,,,,,,,,,,,,,2025-10-06T11:21:21.930749,2,-0.7532942979728795,-1.0829575643678013
sales,SALE0202,Pabna,North,24.029655,89.231427,Furniture,Bookshelf,32004.0,73.0,2336292.0,2024-10-22,Small,3.3,,,,,,,,,,,,,,,,,,,,,,,,,,,,,2025-10-06T11:21:21.930749,4,1.0194526435958968,-0.8867763323498412
sales,SALE0203,Dhaka,Central,23.826607,90.337433,Electronics,Laptop,87887.0,49.0,4306463.0,2024-11-23,Large,3.5,,,,,,,,,,,,,,,,,,,,,,,,,,,,,2025-10-06T11:21:21.930749,6,2.7941169488812707,-1.1568453596336918
sales,SALE0204,Barishal,South,22.674864,90.416441,Beauty,Sunscreen,1372.0,30.0,41160.0,2025-02-12,Large,3.5,,,,,,,,,,,,,,,,,,,,,,,,,,,,,2025-10-06T11:21:21.930749,2,-0.9715027596023874,-0.9579468695209155
sales,SALE0205,Sylhet,East,24.817069,91.905061,Clothing,Jacket,3031.0,2.0,6062.0,2025-02-10,Medium,4.4,,,,,,,,,,,,,,,,,,,,,,,,,,,,,2025-10-06T11:21:21.930749,3,-1.2441255320169788,0.11664603718612093
sales,SALE0206,Dinajpur,North,25.529204,88.735087,Clothing,Jeans,602.0,57.0,34314.0,2025-04-13,Large,3.6,,,,,,,,,,,,,,,,,,,,,,,,,,,,,2025-10-06T11:21:21.930749,4,-0.7333573883335527,-0.45782506867264805
sales,SALE0207,Khulna,West,22.818354,89.564248,Sports,Treadmill,23120.0,33.0,762960.0,2025-02-15,Medium,3.4,,,,,,,,,,,,,,,,,,,,,,,,,,,,,2025-10-06T11:21:21.930749,2,-0.17374263239221427,-1.1928207874707923
sales,SALE0208,Gaibandha,North,25.255711,89.509018,Clothing,Dress,3795.0,62.0,235290.0,2025-08-13,Small,3.8,,,,,,,,,,,,,,,,,,,,,,,,,,,,,2025-10-06T11:21:21.930749,4,-0.541847534470688,-0.09262659072436287
sales,SALE0209,Barishal,South,22.71639,90.25089,Electronics,Camera,83341.0,38.0,3166958.0,2024-10-13,Medium,3.0,,,,,,,,,,,,,,,,,,,,,,,,,,,,,2025-10-06T11:21:21.930749,6,2.162470571380091,-2.076446918315657
sales,SALE0210,Tangail,Central,24.258543,89.908961,Furniture,Dining Set,48137.0,51.0,2454987.0,2025-05-19,Small,4.1,,,,,,,,,,,,,,,,,,,,,,,,,,,,,2025-10-06T11:21:21.930749,6,1.1920231692351726,0.024918362348862227
sales,SALE0211,Chuadanga,West,23.614712,88.796602,Grocery,Honey (500g),90.0,78.0,7020.0,2025-01-25,Medium,4.6,,,,,,,,,,,,,,,,,,,,,,,,,,,,,2025-10-06T11:21:21.930749,5,-0.5810719547492595,1.3991118075964617
sales,SALE0212,Dhaka,Central,23.820092,90.353798,Sports,Cricket Bat,20392.0,46.0,938032.0,2025-06-16,Large,3.4,,,,,,,,,,,,,,,,,,,,,,,,,,,,,2025-10-06T11:21:21.930749,2,-0.04219134922996149,-1.0139016004210053
sales,SALE0213,Sylhet,East,24.946358,91.897056,Grocery,Sugar (1kg),734.0,97.0,71198.0,2024-11-03,Large,4.7,,,,,,,,,,,,,,,,,,,,,,,,,,,,,2025-10-06T11:21:21.930749,5,-0.3611966659724118,1.7923656168025834
sales,SALE0214,Chattogram,Central,22.369701,91.842161,Electronics,Laptop,90242.0,83.0,7490086.0,2025-09-16,Medium,4.6,,,,,,,,,,,,,,,,,,,,,,,,,,,,,2025-10-06T11:21:21.930749,1,4.366436075247264,1.037449587711865
sales,SALE0215,Saidpur,North,25.707956,88.923225,Grocery,Rice (5kg),633.0,47.0,29751.0,2025-07-31,Small,4.8,,,,,,,,,,,,,,,,,,,,,,,,,,,,,2025-10-06T11:21:21.930749,3,-0.8654850659634347,1.328277155048693
sales,SALE0216,Cox's Bazar,East,21.453083,91.962255,Electronics,Camera,105973.0,54.0,5722542.0,2025-07-09,Small,3.3,,,,,,,,,,,,,,,,,,,,,,,,,,,,,2025-10-06T11:21:21.930749,1,3.798343506995647,-1.4989075260776905
sales,SALE0217,Dhaka,Central,23.779724,90.3281,Grocery,Tea (250g),414.0,68.0,28152.0,2025-01-23,Medium,4.7,,,,,,,,,,,,,,,,,,,,,,,,,,,,,2025-10-06T11:21:21.930749,5,-0.6651928057514791,1.432084762894182
sales,SALE0218,Khulna,West,22.796806,89.603519,Clothing,Jacket,3677.0,62.0,227974.0,2025-05-08,Large,4.7,,,,,,,,,,,,,,,,,,,,,,,,,,,,,2025-10-06T11:21:21.930749,5,-0.5731272996840354,1.3412151182800174
sales,SALE0219,Narayanganj,Central,23.634866,90.51079,Clothing,Handbag,771.0,60.0,46260.0,2025-08-29,Small,4.5,,,,,,,,,,,,,,,,,,,,,,,,,,,,,2025-10-06T11:21:21.930749,5,-0.7217973389830722,1.0120307837591787
sales,SALE0220,Jamalpur,Central,24.871218,89.957321,Furniture,Table,49323.0,93.0,4587039.0,2024-10-26,Medium,4.9,,,,,,,,,,,,,,,,,,,,,,,,,,,,,2025-10-06T11:21:21.930749,1,2.420244759134094,1.8372485886238792
sales,SALE0221,Comilla,East,23.518164,91.138709,Grocery,Spice Mix,610.0,47.0,28670.0,2025-08-21,Medium,3.0,,,,,,,,,,,,,,,,,,,,,,,,,,,,,2025-10-06T11:21:21.930749,2,-0.8147792711779966,-1.538130734873931
sales,SALE0222,Dhaka,Central,23.808551,90.518748,Electronics,Laptop,67609.0,48.0,3245232.0,2024-10-27,Large,4.3,,,,,,,,,,,,,,,,,,,,,,,,,,,,,2025-10-06T11:21:21.930749,6,1.8983174029355097,0.20623718184463574
sales,SALE0223,Brahmanbaria,East,24.002088,91.066252,Clothing,Shoes,1860.0,82.0,152520.0,2025-03-30,Small,4.3,,,,,,,,,,,,,,,,,,,,,,,,,,,,,2025-10-06T11:21:21.930749,5,-0.438163349908736,0.9628978227253268
sales,SALE0224,Jhenaidah,West,23.57289,89.089087,Grocery,Milk Powder (400g),65.0,80.0,5200.0,2024-12-23,Medium,4.8,,,,,,,,,,,,,,,,,,,,,,,,,,,,,2025-10-06T11:21:21.930749,5,-0.568740667498757,1.7426740949450215
sales,SALE0225,Rajshahi,West,24.359878,88.66134,Electronics,Tablet,92889.0,9.0,836001.0,2024-11-15,Medium,4.8,,,,,,,,,,,,,,,,,,,,,,,,,,,,,2025-10-06T11:21:21.930749,6,1.150168238396434,0.3525704214334275
sales,SALE0226,Chattogram,Central,22.37591,91.819835,Grocery,Sugar (1kg),704.0,53.0,37312.0,2025-08-08,Small,3.1,,,,,,,,,,,,,,,,,,,,,,,,,,,,,2025-10-06T11:21:21.930749,4,-0.754229050685972,-1.304494737244341
sales,SALE0227,Manikganj,Central,23.901696,90.027551,Grocery,Rice (5kg),351.0,64.0,22464.0,2025-08-08,Small,3.5,,,,,,,,,,,,,,,,,,,,,,,,,,,,,2025-10-06T11:21:21.930749,4,-0.673026300959628,-0.5285186191870587
sales,SALE0228,Sylhet,East,24.916381,91.881161,Clothing,Shoes,855.0,50.0,42750.0,2025-02-16,Medium,4.3,,,,,,,,,,,,,,,,,,,,,,,,,,,,,2025-10-06T11:21:21.930749,3,-0.8121669109487144,0.5683316629805498
sales,SALE0229,Chattogram,Central,22.302847,91.846389,Grocery,Honey (500g),753.0,70.0,52710.0,2025-03-06,Large,4.5,,,,,,,,,,,,,,,,,,,,,,,,,,,,,2025-10-06T11:21:21.930749,5,-0.6230781511974319,1.1368916157135835
sales,SALE0230,Patuakhali,South,22.352222,90.35899,Sports,Cricket Bat,14094.0,84.0,1183896.0,2025-08-17,Medium,4.2,,,,,,,,,,,,,,,,,,,,,,,,,,,,,2025-10-06T11:21:21.930749,5,0.2549765652827654,0.7712035329214756
sales,SALE0231,Nilphamari,North,25.980214,88.819037,Beauty,Shampoo,468.0,89.0,41652.0,2025-03-31,Small,3.9,,,,,,,,,,,,,,,,,,,,,,,,,,,,,2025-10-06T11:21:21.930749,4,-0.4328865748795179,0.4197739406223889
sales,SALE0232,Dhaka,Central,23.788575,90.39395,Grocery,Cooking Oil (1L),411.0,13.0,5343.0,2024-10-20,Medium,4.1,,,,,,,,,,,,,,,,,,,,,,,,,,,,,2025-10-06T11:21:21.930749,3,-1.1883649993903131,-0.20946858640654764
sales,SALE0233,Dhaka,Central,23.873088,90.358824,Grocery,Honey (500g),407.0,8.0,3256.0,2025-03-17,Medium,3.4,,,,,,,,,,,,,,,,,,,,,,,,,,,,,2025-10-06T11:21:21.930749,2,-1.2174984754970188,-1.3865753132934027
sales,SALE0234,Dhaka,Central,23.882649,90.424293,Clothing,T-Shirt,3773.0,59.0,222607.0,2025-08-21,Large,3.4,,,,,,,,,,,,,,,,,,,,,,,,,,,,,2025-10-06T11:21:21.930749,4,-0.5647307056742868,-0.7670454038207041
sales,SALE0235,Khulna,West,22.858953,89.593678,Grocery,Honey (500g),651.0,3.0,1953.0,2025-09-11,Medium,3.5,,,,,,,,,,,,,,,,,,,,,,,,,,,,,2025-10-06T11:21:21.930749,2,-1.2637075117538275,-1.2910340462017786
sales,SALE0236,Sylhet,East,24.899014,91.932629,Electronics,Headphones,111150.0,73.0,8113950.0,2025-06-23,Small,4.7,,,,,,,,,,,,,,,,,,,,,,,,,,,,,2025-10-06T11:21:21.930749,1,4.97633673350056,0.9626427343442093
sales,SALE0237,Barguna,South,22.124136,90.204561,HomeAppliances,Washing Machine,15576.0,76.0,1183776.0,2025-06-18,Small,3.7,,,,,,,,,,,,,,,,,,,,,,,,,,,,,2025-10-06T11:21:21.930749,4,0.2252628608840626,-0.13300258251242497
sales,SALE0238,Comilla,East,23.438425,91.268103,Grocery,Cooking Oil (1L),650.0,1.0,650.0,2025-05-18,Small,5.0,,,,,,,,,,,,,,,,,,,,,,,,,,,,,2025-10-06T11:21:21.930749,3,-1.3265911738441576,1.0727893124447923
sales,SALE0239,Barishal,South,22.679991,90.336593,HomeAppliances,Washing Machine,18426.0,23.0,423798.0,2025-08-11,Large,4.7,,,,,,,,,,,,,,,,,,,,,,,,,,,,,2025-10-06T11:21:21.930749,3,-0.5433972910056886,0.7753270754519148
sales,SALE0240,Rajshahi,West,24.313393,88.578032,Furniture,Table,5973.0,46.0,274758.0,2025-06-07,Large,3.6,,,,,,,,,,,,,,,,,,,,,,,,,,,,,2025-10-06T11:21:21.930749,2,-0.6266437068018138,-0.6222903945053024
sales,SALE0241,Dhaka,Central,23.808566,90.426553,Electronics,Headphones,42782.0,7.0,299474.0,2025-08-03,Large,3.8,,,,,,,,,,,,,,,,,,,,,,,,,,,,,2025-10-06T11:21:21.930749,2,-0.1725732880978228,-0.993287297924435
sales,SALE0242,Rangpur,North,25.793116,89.262361,Grocery,Rice (5kg),105.0,61.0,6405.0,2025-02-19,Medium,4.0,,,,,,,,,,,,,,,,,,,,,,,,,,,,,2025-10-06T11:21:21.930749,5,-0.7280587139359701,0.23152916100813256
sales,SALE0243,Khagrachhari,East,23.043864,91.992945,Clothing,T-Shirt,2151.0,65.0,139815.0,2025-06-15,Large,3.1,,,,,,,,,,,,,,,,,,,,,,,,,,,,,2025-10-06T11:21:21.930749,4,-0.566376669023704,-1.1618381343284405
sales,SALE0244,Narail,West,23.175023,89.529547,Furniture,Dining Set,48181.0,67.0,3228127.0,2025-05-05,Medium,4.3,,,,,,,,,,,,,,,,,,,,,,,,,,,,,2025-10-06T11:21:21.930749,6,1.638756404560739,0.5503614063466128
sales,SALE0245,Saidpur,North,25.768113,88.96814,Clothing,T-Shirt,549.0,62.0,34038.0,2025-03-15,Medium,4.4,,,,,,,,,,,,,,,,,,,,,,,,,,,,,2025-10-06T11:21:21.930749,5,-0.7092809606598173,0.8788245821948056
sales,SALE0246,Chattogram,Central,22.325031,91.854541,Furniture,Bed,51687.0,57.0,2946159.0,2025-08-30,Small,3.6,,,,,,,,,,,,,,,,,,,,,,,,,,,,,2025-10-06T11:21:21.930749,6,1.5327227402188641,-0.7112677748367894
sales,SALE0247,Dhaka,Central,23.881325,90.378255,Sports,Cricket Bat,2652.0,17.0,45084.0,2025-05-19,Large,4.3,,,,,,,,,,,,,,,,,,,,,,,,,,,,,2025-10-06T11:21:21.930749,3,-1.0898210559941877,0.1469223159483522
sales,SALE0248,Natore,North,24.392389,89.117976,Electronics,Camera,57925.0,77.0,4460225.0,2025-01-08,Medium,3.9,,,,,,,,,,,,,,,,,,,,,,,,,,,,,2025-10-06T11:21:21.930749,1,2.438927354158978,-0.0035773564370200433
sales,SALE0249,Chattogram,Central,22.434275,91.890953,Grocery,Tea (250g),480.0,13.0,6240.0,2024-10-12,Small,4.7,,,,,,,,,,,,,,,,,,,,,,,,,,,,,2025-10-06T11:21:21.930749,3,-1.203682477928921,0.7456670740487954
sales,SALE0250,Dhaka,Central,23.779661,90.389238,Beauty,Face Mask,4716.0,93.0,438588.0,2025-06-18,Medium,3.9,,,,,,,,,,,,,,,,,,,,,,,,,,,,,2025-10-06T11:21:21.930749,4,-0.1463552908550449,0.45011297852230275
sales,SALE0251,Panchagarh,North,26.344293,88.570067,Sports,Cricket Bat,14059.0,44.0,618596.0,2025-02-16,Medium,3.8,,,,,,,,,,,,,,,,,,,,,,,,,,,,,2025-10-06T11:21:21.930749,2,-0.3379703156003648,-0.37000440043309146
sales,SALE0252,Kushtia,West,23.900053,89.074602,Grocery,Rice (5kg),360.0,55.0,19800.0,2025-04-29,Large,3.5,,,,,,,,,,,,,,,,,,,,,,,,,,,,,2025-10-06T11:21:21.930749,4,-0.760829398447262,-0.6408224259653175
sales,SALE0253,Rangpur,North,25.742244,89.382873,Furniture,Table,50011.0,61.0,3050671.0,2025-09-02,Small,4.7,,,,,,,,,,,,,,,,,,,,,,,,,,,,,2025-10-06T11:21:21.930749,6,1.542286225736954,1.100674937944947
sales,SALE0254,Dhaka,Central,23.784419,90.425927,Furniture,Office Chair,33303.0,13.0,432939.0,2025-03-30,Small,4.1,,,,,,,,,,,,,,,,,,,,,,,,,,,,,2025-10-06T11:21:21.930749,3,-0.28497776907616557,-0.38700547897330284
sales,SALE0255,Lalmonirhat,North,26.043047,89.418148,Clothing,Shoes,2600.0,72.0,187200.0,2025-04-21,Large,3.2,,,,,,,,,,,,,,,,,,,,,,,,,,,,,2025-10-06T11:21:21.930749,4,-0.4733081468116806,-0.9173100677342271
sales,SALE0256,Netrokona,Central,24.917395,90.844102,Clothing,Jacket,3878.0,86.0,333508.0,2025-03-04,Large,3.1,,,,,,,,,,,,,,,,,,,,,,,,,,,,,2025-10-06T11:21:21.930749,4,-0.25023675958042485,-0.9075969174191901
sales,SALE0257,Sylhet,East,24.924433,91.935222,Beauty,Shampoo,2759.0,46.0,126914.0,2025-08-14,Large,4.0,,,,,,,,,,,,,,,,,,,,,,,,,,,,,2025-10-06T11:21:21.930749,3,-0.7671144933578393,0.03101091205901509
sales,SALE0258,Lalmonirhat,North,25.957724,89.480436,Beauty,Face Cream,4150.0,29.0,120350.0,2025-08-12,Medium,4.7,,,,,,,,,,,,,,,,,,,,,,,,,,,,,2025-10-06T11:21:21.930749,3,-0.9227551769354363,0.9260323369126128
sales,SALE0259,Natore,North,24.489108,89.118923,Grocery,Sugar (1kg),157.0,98.0,15386.0,2025-05-17,Large,3.5,,,,,,,,,,,,,,,,,,,,,,,,,,,,,2025-10-06T11:21:21.930749,4,-0.3515031910862774,-0.10354556118915156
sales,SALE0260,Chattogram,Central,22.348544,91.792003,Beauty,Lipstick,4795.0,99.0,474705.0,2024-11-22,Large,4.3,,,,,,,,,,,,,,,,,,,,,,,,,,,,,2025-10-06T11:21:21.930749,5,-0.08419947158570837,1.1618584061454247
sales,SALE0261,Rajshahi,West,24.382034,88.6005,HomeAppliances,Washing Machine,3720.0,78.0,290160.0,2024-11-04,Large,3.5,,,,,,,,,,,,,,,,,,,,,,,,,,,,,2025-10-06T11:21:21.930749,4,-0.35922391145486865,-0.3699061526116445
sales,SALE0262,Faridpur,Central,23.609555,89.836086,Clothing,Jeans,1419.0,90.0,127710.0,2025-05-01,Medium,3.7,,,,,,,,,,,,,,,,,,,,,,,,,,,,,2025-10-06T11:21:21.930749,4,-0.3630697436788977,0.10933876961318609
sales,SALE0263,Tangail,Central,24.282274,90.049795,Furniture,Table,14388.0,73.0,1050324.0,2024-11-04,Medium,3.1,,,,,,,,,,,,,,,,,,,,,,,,,,,,,2025-10-06T11:21:21.930749,4,0.13554349153324458,-1.1206779336471269
sales,SALE0264,Feni,East,23.032469,91.504647,Electronics,Smartphone,20026.0,96.0,1922496.0,2025-01-08,Small,3.8,,,,,,,,,,,,,,,,,,,,,,,,,,,,,2025-10-06T11:21:21.930749,4,0.7993283271504302,0.2583769469604299
sales,SALE0265,Sunamganj,East,25.097095,91.411197,Clothing,Dress,1696.0,21.0,35616.0,2025-03-31,Medium,4.4,,,,,,,,,,,,,,,,,,,,,,,,,,,,,2025-10-06T11:21:21.930749,3,-1.0791512171935225,0.3612420529322195
sales,SALE0266,Dhaka,Central,23.787978,90.424145,Sports,Yoga Mat,20037.0,11.0,220407.0,2025-09-10,Small,3.3,,,,,,,,,,,,,,,,,,,,,,,,,,,,,2025-10-06T11:21:21.930749,2,-0.6610975797945616,-1.6147490129039295
sales,SALE0267,Khulna,West,22.852248,89.498293,Grocery,Tea (250g),90.0,87.0,7830.0,2025-08-26,Medium,3.9,,,,,,,,,,,,,,,,,,,,,,,,,,,,,2025-10-06T11:21:21.930749,4,-0.47369708857838344,0.3965880470154209
sales,SALE0268,Rajshahi,West,24.335654,88.646733,Grocery,Milk Powder (400g),537.0,78.0,41886.0,2025-02-22,Medium,3.5,,,,,,,,,,,,,,,,,,,,,,,,,,,,,2025-10-06T11:21:21.930749,4,-0.5260829483230353,-0.3547775874195904
sales,SALE0269,Satkhira,West,22.778276,89.066055,Electronics,Laptop,53242.0,56.0,2981552.0,2025-08-11,Medium,4.4,,,,,,,,,,,,,,,,,,,,,,,,,,,,,2025-10-06T11:21:21.930749,6,1.5486439592296881,0.542030584003115
sales,SALE0270,Brahmanbaria,East,23.894299,90.968072,Clothing,Shoes,2293.0,68.0,155924.0,2024-10-30,Medium,3.1,,,,,,,,,,,,,,,,,,,,,,,,,,,,,2025-10-06T11:21:21.930749,4,-0.5280061640180094,-1.1250539186803763
sales,SALE0271,Chattogram,Central,22.305838,91.825701,HomeAppliances,Electric Fan,41277.0,8.0,330216.0,2025-10-03,Small,3.6,,,,,,,,,,,,,,,,,,,,,,,,,,,,,2025-10-06T11:21:21.930749,2,-0.17919092660377645,-1.2906979883637513
sales,SALE0272,Dhaka,Central,23.746285,90.464847,Grocery,Cooking Oil (1L),180.0,98.0,17640.0,2025-05-29,Medium,3.7,,,,,,,,,,,,,,,,,,,,,,,,,,,,,2025-10-06T11:21:21.930749,4,-0.35585839701082433,0.21485238120598155
sales,SALE0273,Bandarban,East,22.23251,92.214049,Electronics,Smartphone,73193.0,96.0,7026528.0,2025-02-28,Small,3.3,,,,,,,,,,,,,,,,,,,,,,,,,,,,,2025-10-06T11:21:21.930749,1,3.9682309368302993,-0.7810874389753889
sales,SALE0274,Barishal,South,22.624724,90.311986,Grocery,Tea (250g),760.0,30.0,22800.0,2025-01-23,Large,4.7,,,,,,,,,,,,,,,,,,,,,,,,,,,,,2025-10-06T11:21:21.930749,3,-1.0267312645458688,0.9562694466275544
sales,SALE0275,Chuadanga,West,23.629638,88.864423,Clothing,Handbag,1750.0,10.0,17500.0,2025-03-17,Large,3.1,,,,,,,,,,,,,,,,,,,,,,,,,,,,,2025-10-06T11:21:21.930749,2,-1.1539112913159515,-1.8466707048386737
sales,SALE0276,Chattogram,Central,22.294323,91.869826,Electronics,Smartphone,68260.0,10.0,682600.0,2025-04-29,Large,3.9,,,,,,,,,,,,,,,,,,,,,,,,,,,,,2025-10-06T11:21:21.930749,6,0.5732434975893025,-0.9336311947337077
sales,SALE0277,Nilphamari,North,25.950436,88.877405,Clothing,Dress,3206.0,82.0,262892.0,2025-03-07,Medium,3.2,,,,,,,,,,,,,,,,,,,,,,,,,,,,,2025-10-06T11:21:21.930749,4,-0.3339798375947082,-0.7952110568905283
sales,SALE0278,Feni,East,23.052136,91.489749,Beauty,Perfume,2860.0,22.0,62920.0,2024-11-24,Medium,4.7,,,,,,,,,,,,,,,,,,,,,,,,,,,,,2025-10-06T11:21:21.930749,3,-1.0414497970599652,0.8453037828373221
sales,SALE0279,Dhaka,Central,23.820126,90.45504,Electronics,Camera,19551.0,56.0,1094856.0,2025-08-13,Small,3.9,,,,,,,,,,,,,,,,,,,,,,,,,,,,,2025-10-06T11:21:21.930749,4,0.0814239283772534,-0.08674436607891149
sales,SALE0280,Jhenaidah,West,23.50798,89.291356,Clothing,Dress,2446.0,11.0,26906.0,2025-03-18,Medium,4.5,,,,,,,,,,,,,,,,,,,,,,,,,,,,,2025-10-06T11:21:21.930749,3,-1.1651559836476018,0.3915647584247342
sales,SALE0281,Chattogram,Central,22.363305,91.742337,Clothing,Jeans,1664.0,100.0,166400.0,2025-07-12,Small,4.0,,,,,,,,,,,,,,,,,,,,,,,,,,,,,2025-10-06T11:21:21.930749,5,-0.25466769041926496,0.7108199220898018
sales,SALE0282,Sylhet,East,24.872591,91.755328,HomeAppliances,Refrigerator,36773.0,66.0,2427018.0,2025-06-29,Medium,3.7,,,,,,,,,,,,,,,,,,,,,,,,,,,,,2025-10-06T11:21:21.930749,4,1.0823367966585749,-0.36251519912623337
sales,SALE0283,Dhaka,Central,23.787685,90.267067,Electronics,Headphones,38968.0,14.0,545552.0,2025-07-24,Medium,3.4,,,,,,,,,,,,,,,,,,,,,,,,,,,,,2025-10-06T11:21:21.930749,2,-0.08467929528850476,-1.5194859504010507
sales,SALE0284,Saidpur,North,25.83929,89.025527,Furniture,Bookshelf,15018.0,98.0,1471764.0,2024-11-05,Small,3.4,,,,,,,,,,,,,,,,,,,,,,,,,,,,,2025-10-06T11:21:21.930749,4,0.5445253471239111,-0.3304824419969059
sales,SALE0285,Feni,East,22.971651,91.407137,Electronics,Power Bank,68811.0,97.0,6674667.0,2024-12-22,Large,3.9,,,,,,,,,,,,,,,,,,,,,,,,,,,,,2025-10-06T11:21:21.930749,1,3.7271056902045605,0.20761789596084318
sales,SALE0286,Sylhet,East,24.89472,91.799198,Sports,Yoga Mat,21569.0,82.0,1768658.0,2024-11-21,Medium,4.7,,,,,,,,,,,,,,,,,,,,,,,,,,,,,2025-10-06T11:21:21.930749,5,0.6138146245686028,1.5070096526675192
sales,SALE0287,Dinajpur,North,25.622252,88.634913,Grocery,Honey (500g),363.0,20.0,7260.0,2025-02-23,Small,3.9,,,,,,,,,,,,,,,,,,,,,,,,,,,,,2025-10-06T11:21:21.930749,2,-1.1153171170749723,-0.44039882949547765
sales,SALE0288,Rajshahi,West,24.351241,88.583181,Clothing,Sunglasses,1540.0,36.0,55440.0,2024-12-08,Small,3.7,,,,,,,,,,,,,,,,,,,,,,,,,,,,,2025-10-06T11:21:21.930749,2,-0.9099935282148968,-0.5654125686095837
sales,SALE0289,Dhaka,Central,23.760219,90.395634,Electronics,Laptop,48685.0,60.0,2921100.0,2025-02-17,Small,3.1,,,,,,,,,,,,,,,,,,,,,,,,,,,,,2025-10-06T11:21:21.930749,4,1.4989726463198862,-1.4537732768177736
sales,SALE0290,Narayanganj,Central,23.581641,90.534055,Grocery,Spice Mix,333.0,10.0,3330.0,2024-11-10,Small,4.2,,,,,,,,,,,,,,,,,,,,,,,,,,,,,2025-10-06T11:21:21.930749,3,-1.2227537922334129,-0.08721535070908261
sales,SALE0291,Chattogram,Central,22.426868,91.838678,Electronics,Bluetooth Speaker,68648.0,75.0,5148600.0,2024-12-27,Large,4.8,,,,,,,,,,,,,,,,,,,,,,,,,,,,,2025-10-06T11:21:21.930749,1,2.89906775761914,1.3523116807897235
sales,SALE0292,Dhaka,Central,23.813282,90.373684,Sports,Treadmill,19232.0,84.0,1615488.0,2025-07-02,Medium,4.2,,,,,,,,,,,,,,,,,,,,,,,,,,,,,2025-10-06T11:21:21.930749,5,0.5361568751271517,0.7470887361389973
sales,SALE0293,Sirajganj,North,24.49476,89.73811,Beauty,Sunscreen,1435.0,8.0,11480.0,2025-02-18,Small,4.6,,,,,,,,,,,,,,,,,,,,,,,,,,,,,2025-10-06T11:21:21.930749,3,-1.2256628516783161,0.5188411933033787
sales,SALE0294,Rajshahi,West,24.42947,88.635956,Beauty,Shampoo,890.0,65.0,57850.0,2024-11-10,Small,3.1,,,,,,,,,,,,,,,,,,,,,,,,,,,,,2025-10-06T11:21:21.930749,4,-0.6261866604743856,-1.155682114721738
sales,SALE0295,Mymensingh,Central,24.836798,90.391875,Grocery,Honey (500g),488.0,57.0,27816.0,2025-01-11,Large,4.2,,,,,,,,,,,,,,,,,,,,,,,,,,,,,2025-10-06T11:21:21.930749,5,-0.7556268969682025,0.49824860051789327
sales,SALE0296,Dhaka,Central,23.777729,90.383467,Electronics,Camera,56870.0,37.0,2104190.0,2025-03-22,Medium,4.5,,,,,,,,,,,,,,,,,,,,,,,,,,,,,2025-10-06T11:21:21.930749,6,1.1068185633870269,0.4356054323830968
sales,SALE0297,Gaibandha,North,25.276142,89.465578,Furniture,Wardrobe,44183.0,7.0,309281.0,2024-11-17,Large,3.7,,,,,,,,,,,,,,,,,,,,,,,,,,,,,2025-10-06T11:21:21.930749,2,-0.13445317474333623,-1.160184010510586
sales,SALE0298,Kushtia,West,23.995277,89.148679,Clothing,Jacket,687.0,72.0,49464.0,2024-10-24,Medium,3.6,,,,,,,,,,,,,,,,,,,,,,,,,,,,,2025-10-06T11:21:21.930749,4,-0.5806594069323214,-0.2710984898110239
sales,SALE0299,Sylhet,East,24.8968,91.875902,Sports,Dumbbell Set,22014.0,78.0,1717092.0,2025-07-22,Medium,3.2,,,,,,,,,,,,,,,,,,,,,,,,,,,,,2025-10-06T11:21:21.930749,4,0.60838936016003,-0.9346102372357423
sales,SALE0300,Chattogram,Central,22.344031,91.683085,Grocery,Honey (500g),184.0,45.0,8280.0,2025-05-01,Large,4.4,,,,,,,,,,,,,,,,,,,,,,,,,,,,,2025-10-06T11:21:21.930749,3,-0.891674019971667,0.6686007399729018
sales,SALE0301,Gaibandha,North,25.225841,89.594439,HomeAppliances,Electric Fan,10450.0,77.0,804650.0,2024-10-09,Small,3.6,,,,,,,,,,,,,,,,,,,,,,,,,,,,,2025-10-06T11:21:21.930749,4,-0.022970006470641,-0.2552153770280602
sales,SALE0302,Rajshahi,West,24.374823,88.686926,Clothing,Dress,2935.0,43.0,126205.0,2025-08-02,Large,4.4,,,,,,,,,,,,,,,,,,,,,,,,,,,,,2025-10-06T11:21:21.930749,3,-0.8039005316394038,0.6296273958679749
sales,SALE0303,Barishal,South,22.754934,90.351189,HomeAppliances,Air Conditioner,36497.0,12.0,437964.0,2024-11-10,Large,3.8,,,,,,,,,,,,,,,,,,,,,,,,,,,,,2025-10-06T11:21:21.930749,2,-0.21232515851907652,-0.8948310672502017
sales,SALE0304,Bhola,South,22.718716,90.555416,Clothing,Jacket,374.0,47.0,17578.0,2025-05-01,Small,4.9,,,,,,,,,,,,,,,,,,,,,,,,,,,,,2025-10-06T11:21:21.930749,3,-0.8788483857613846,1.488839140247078
sales,SALE0305,Pirojpur,South,22.653827,90.062805,Furniture,Sofa,55210.0,63.0,3478230.0,2025-06-30,Small,5.0,,,,,,,,,,,,,,,,,,,,,,,,,,,,,2025-10-06T11:21:21.930749,6,1.8340121373311113,1.5788765507139584
sales,SALE0306,Jamalpur,Central,24.924702,89.96564,Electronics,Headphones,18114.0,38.0,688332.0,2025-08-16,Large,4.5,,,,,,,,,,,,,,,,,,,,,,,,,,,,,2025-10-06T11:21:21.930749,3,-0.29813319651411907,0.6482182679921168
sales,SALE0307,Chattogram,Central,22.355622,91.853564,Furniture,Dining Set,53407.0,68.0,3631676.0,2025-09-17,Large,3.7,,,,,,,,,,,,,,,,,,,,,,,,,,,,,2025-10-06T11:21:21.930749,6,1.9380246441561717,-0.4175561958548052
sales,SALE0308,Sylhet,East,24.933485,91.697787,Beauty,Sunscreen,1273.0,77.0,98021.0,2025-03-28,Small,3.3,,,,,,,,,,,,,,,,,,,,,,,,,,,,,2025-10-06T11:21:21.930749,4,-0.4919163647612294,-0.6892608027156644
sales,SALE0309,Rajshahi,West,24.345478,88.55692,Grocery,Spice Mix,749.0,99.0,74151.0,2024-11-21,Small,4.4,,,,,,,,,,,,,,,,,,,,,,,,,,,,,2025-10-06T11:21:21.930749,5,-0.331790015714296,1.339497436860889
sales,SALE0310,Habiganj,East,24.310266,91.48635,Furniture,Office Chair,31926.0,47.0,1500522.0,2024-10-25,Large,3.5,,,,,,,,,,,,,,,,,,,,,,,,,,,,,2025-10-06T11:21:21.930749,2,0.43978626878829086,-0.9003446059395142
sales,SALE0311,Feni,East,23.017654,91.438622,Electronics,Power Bank,88031.0,37.0,3257147.0,2025-02-19,Small,4.1,,,,,,,,,,,,,,,,,,,,,,,,,,,,,2025-10-06T11:21:21.930749,6,2.2612801077955718,-0.36217664389419335
sales,SALE0312,Sylhet,East,24.898741,91.79172,Electronics,Smartwatch,113987.0,61.0,6953207.0,2025-06-29,Medium,4.4,,,,,,,,,,,,,,,,,,,,,,,,,,,,,2025-10-06T11:21:21.930749,1,4.487058748407129,0.30806135935969703
sales,SALE0313,Rajshahi,West,24.285771,88.598413,Beauty,Sunscreen,3809.0,60.0,228540.0,2025-05-15,Medium,4.0,,,,,,,,,,,,,,,,,,,,,,,,,,,,,2025-10-06T11:21:21.930749,5,-0.5691915317747185,0.20079231479828294
sales,SALE0314,Dinajpur,North,25.615867,88.612345,Grocery,Milk Powder (400g),205.0,26.0,5330.0,2024-12-01,Small,4.7,,,,,,,,,,,,,,,,,,,,,,,,,,,,,2025-10-06T11:21:21.930749,3,-1.0845707778888865,0.9092844387433365
sales,SALE0315,Dhaka,Central,23.794218,90.537105,HomeAppliances,Refrigerator,44020.0,62.0,2729240.0,2025-03-30,Large,4.9,,,,,,,,,,,,,,,,,,,,,,,,,,,,,2025-10-06T11:21:21.930749,5,1.2881590631706452,1.4615688078375777
sales,SALE0316,Sherpur,Central,25.071514,90.034327,Beauty,Face Mask,4426.0,16.0,70816.0,2025-05-14,Small,4.5,,,,,,,,,,,,,,,,,,,,,,,,,,,,,2025-10-06T11:21:21.930749,3,-1.0554747982904213,0.4434064646429703
sales,SALE0317,Chattogram,Central,22.35332,91.780967,Electronics,Smartwatch,66893.0,66.0,4414938.0,2025-07-23,Medium,3.2,,,,,,,,,,,,,,,,,,,,,,,,,,,,,2025-10-06T11:21:21.930749,1,2.5368549455057923,-1.305514708395378
sales,SALE0318,Jessore,West,23.206632,89.195157,Sports,Cricket Bat,15282.0,45.0,687690.0,2025-09-23,Medium,3.1,,,,,,,,,,,,,,,,,,,,,,,,,,,,,2025-10-06T11:21:21.930749,2,-0.2542100708792026,-1.47836776549287
sales,SALE0319,Khulna,West,22.891416,89.561089,Clothing,Shoes,1831.0,31.0,56761.0,2025-03-23,Small,3.7,,,,,,,,,,,,,,,,,,,,,,,,,,,,,2025-10-06T11:21:21.930749,2,-0.9512700445568462,-0.6293563720104344
sales,SALE0320,Mymensingh,Central,24.854419,90.371625,Clothing,T-Shirt,1605.0,13.0,20865.0,2024-10-06,Large,3.7,,,,,,,,,,,,,,,,,,,,,,,,,,,,,2025-10-06T11:21:21.930749,2,-1.1440964284616943,-0.852918680935536
sales,SALE0321,Dhaka,Central,23.865709,90.350106,Electronics,Headphones,26035.0,5.0,130175.0,2025-05-13,Medium,4.4,,,,,,,,,,,,,,,,,,,,,,,,,,,,,2025-10-06T11:21:21.930749,3,-0.6504882383395117,0.028154563554261762
sales,SALE0322,Chattogram,Central,22.325712,91.898042,Grocery,Cooking Oil (1L),762.0,61.0,46482.0,2025-02-19,Large,3.0,,,,,,,,,,,,,,,,,,,,,,,,,,,,,2025-10-06T11:21:21.930749,4,-0.6692181896844713,-1.3642177694636641
sales,SALE0323,Gaibandha,North,25.293503,89.529741,Electronics,Laptop,10490.0,33.0,346170.0,2025-06-18,Small,4.1,,,,,,,,,,,,,,,,,,,,,,,,,,,,,2025-10-06T11:21:21.930749,3,-0.6376956842171979,-0.01239521503111614
sales,SALE0324,Khagrachhari,East,23.220171,91.966543,Grocery,Honey (500g),663.0,68.0,45084.0,2025-03-04,Small,4.6,,,,,,,,,,,,,,,,,,,,,,,,,,,,,2025-10-06T11:21:21.930749,5,-0.6502270119616967,1.2716252405533643
sales,SALE0325,Gaibandha,North,25.305276,89.571222,Grocery,Cooking Oil (1L),348.0,16.0,5568.0,2025-09-12,Small,3.8,,,,,,,,,,,,,,,,,,,,,,,,,,,,,2025-10-06T11:21:21.930749,2,-1.1520940029790878,-0.6494630159648744
sales,SALE0326,Chattogram,Central,22.438572,91.714419,Grocery,Spice Mix,677.0,59.0,39943.0,2025-09-04,Small,4.7,,,,,,,,,,,,,,,,,,,,,,,,,,,,,2025-10-06T11:21:21.930749,5,-0.7417375450149953,1.318520584184816
sales,SALE0327,Dhaka,Central,23.807093,90.432226,Grocery,Milk Powder (400g),651.0,69.0,44919.0,2025-09-28,Large,4.0,,,,,,,,,,,,,,,,,,,,,,,,,,,,,2025-10-06T11:21:21.930749,5,-0.6236827445768989,0.32865156795854367
sales,SALE0328,Gaibandha,North,25.330686,89.527212,HomeAppliances,Microwave,11409.0,38.0,433542.0,2025-03-01,Small,4.2,,,,,,,,,,,,,,,,,,,,,,,,,,,,,2025-10-06T11:21:21.930749,3,-0.5380409011635319,0.20499249465806593
sales,SALE0329,Thakurgaon,North,26.089474,88.396344,Clothing,Jeans,2637.0,54.0,142398.0,2025-07-03,Large,4.3,,,,,,,,,,,,,,,,,,,,,,,,,,,,,2025-10-06T11:21:21.930749,5,-0.695199738308392,0.6093506646875463
sales,SALE0330,Manikganj,Central,23.845122,90.082542,HomeAppliances,Washing Machine,25632.0,9.0,230688.0,2025-01-10,Large,4.0,,,,,,,,,,,,,,,,,,,,,,,,,,,,,2025-10-06T11:21:21.930749,2,-0.5708194112416253,-0.5557478499878832
sales,SALE0331,Netrokona,Central,24.874646,90.734235,Electronics,Smartphone,59177.0,61.0,3609797.0,2025-09-14,Large,3.8,,,,,,,,,,,,,,,,,,,,,,,,,,,,,2025-10-06T11:21:21.930749,6,1.9887769071083117,-0.37769790643400813
sales,SALE0332,Rajshahi,West,24.443325,88.573282,Clothing,Jacket,1338.0,96.0,128448.0,2025-09-28,Medium,4.6,,,,,,,,,,,,,,,,,,,,,,,,,,,,,2025-10-06T11:21:21.930749,5,-0.33243730030603086,1.6178743063603973
sales,SALE0333,Rangpur,North,25.711952,89.195815,Clothing,Jacket,1287.0,94.0,120978.0,2024-11-04,Large,3.2,,,,,,,,,,,,,,,,,,,,,,,,,,,,,2025-10-06T11:21:21.930749,4,-0.3156183289789319,-0.636376287200556
sales,SALE0334,Sylhet,East,24.977001,91.929289,Electronics,Camera,25486.0,6.0,152916.0,2025-04-09,Large,3.7,,,,,,,,,,,,,,,,,,,,,,,,,,,,,2025-10-06T11:21:21.930749,2,-0.6243489672203036,-1.0708755550844997
sales,SALE0335,Dinajpur,North,25.682388,88.61381,Clothing,Sunglasses,1017.0,100.0,101700.0,2024-10-21,Medium,5.0,,,,,,,,,,,,,,,,,,,,,,,,,,,,,2025-10-06T11:21:21.930749,5,-0.32273745119206027,2.3062673864771197
sales,SALE0336,Cox's Bazar,East,21.357721,91.907076,Clothing,Dress,2887.0,24.0,69288.0,2025-07-29,Small,4.4,,,,,,,,,,,,,,,,,,,,,,,,,,,,,2025-10-06T11:21:21.930749,3,-1.0104622739946167,0.39240315351004995
sales,SALE0337,Bogra,North,24.919214,89.400535,Grocery,Milk Powder (400g),77.0,38.0,2926.0,2025-06-25,Small,4.6,,,,,,,,,,,,,,,,,,,,,,,,,,,,,2025-10-06T11:21:21.930749,3,-0.9695249925570985,0.9003535036780079
sales,SALE0338,Manikganj,Central,23.897946,90.016871,Grocery,Rice (5kg),363.0,40.0,14520.0,2025-01-16,Medium,5.0,,,,,,,,,,,,,,,,,,,,,,,,,,,,,2025-10-06T11:21:21.930749,3,-0.9507915516085721,1.5608327820147299
sales,SALE0339,Sylhet,East,24.857202,91.851859,Sports,Yoga Mat,16012.0,33.0,528396.0,2025-09-18,Large,3.4,,,,,,,,,,,,,,,,,,,,,,,,,,,,,2025-10-06T11:21:21.930749,2,-0.4235478654456267,-1.1558647417241694
sales,SALE0340,Comilla,East,23.41127,91.114685,Furniture,Sofa,56173.0,7.0,393211.0,2024-11-05,Medium,3.5,,,,,,,,,,,,,,,,,,,,,,,,,,,,,2025-10-06T11:21:21.930749,6,0.172971493119465,-1.5441170519747909
sales,SALE0341,Jhenaidah,West,23.587716,89.08907,Grocery,Spice Mix,416.0,56.0,23296.0,2025-03-16,Large,3.9,,,,,,,,,,,,,,,,,,,,,,,,,,,,,2025-10-06T11:21:21.930749,4,-0.7600389027187914,0.008377895862258532
sales,SALE0342,Sirajganj,North,24.400876,89.686522,Furniture,Bed,27219.0,24.0,653256.0,2025-01-25,Large,4.0,,,,,,,,,,,,,,,,,,,,,,,,,,,,,2025-10-06T11:21:21.930749,2,-0.22793787639077262,-0.37328146408560686
sales,SALE0343,Chattogram,Central,22.362169,91.703158,Grocery,Spice Mix,571.0,35.0,19985.0,2025-08-25,Large,3.8,,,,,,,,,,,,,,,,,,,,,,,,,,,,,2025-10-06T11:21:21.930749,2,-0.9579171562230987,-0.41362740905026696
sales,SALE0344,Sirajganj,North,24.37035,89.726428,Electronics,Bluetooth Speaker,86964.0,24.0,2087136.0,2024-12-31,Medium,3.6,,,,,,,,,,,,,,,,,,,,,,,,,,,,,2025-10-06T11:21:21.930749,6,1.6767783015342839,-1.3262469177015916
sales,SALE0345,Sunamganj,East,25.077896,91.481848,Clothing,T-Shirt,1643.0,85.0,139655.0,2025-05-08,Medium,3.9,,,,,,,,,,,,,,,,,,,,,,,,,,,,,2025-10-06T11:21:21.930749,4,-0.4075104658026227,0.3643733038763897
sales,SALE0346,Dhaka,Central,23.816415,90.445098,Grocery,Honey (500g),476.0,22.0,10472.0,2024-10-18,Medium,3.7,,,,,,,,,,,,,,,,,,,,,,,,,,,,,2025-10-06T11:21:21.930749,2,-1.0864773433980566,-0.7345546889175926
sales,SALE0347,Netrokona,Central,24.8482,90.693526,Beauty,Perfume,3088.0,79.0,243952.0,2025-02-26,Medium,4.3,,,,,,,,,,,,,,,,,,,,,,,,,,,,,2025-10-06T11:21:21.930749,5,-0.40445432706389567,0.919608851597209
sales,SALE0348,Saidpur,North,25.737807,88.958426,Clothing,Handbag,534.0,10.0,5340.0,2024-10-28,Large,3.8,,,,,,,,,,,,,,,,,,,,,,,,,,,,,2025-10-06T11:21:21.930749,2,-1.2059897426520014,-0.7253116379338742
sales,SALE0349,Feni,East,23.005253,91.484865,Furniture,Bookshelf,57500.0,96.0,5520000.0,2024-10-24,Small,4.9,,,,,,,,,,,,,,,,,,,,,,,,,,,,,2025-10-06T11:21:21.930749,1,2.9912176025455754,1.8387203537313634
sales,SALE0350,Pabna,North,23.958233,89.378709,Electronics,Headphones,119236.0,78.0,9300408.0,2024-10-24,Medium,3.1,,,,,,,,,,,,,,,,,,,,,,,,,,,,,2025-10-06T11:21:21.930749,1,5.707824030834935,-1.5559506105775291
sales,SALE0351,Bogra,North,24.881689,89.391528,Electronics,Laptop,38932.0,100.0,3893200.0,2024-11-10,Medium,3.7,,,,,,,,,,,,,,,,,,,,,,,,,,,,,2025-10-06T11:21:21.930749,1,2.0223977142966634,0.06406521062114698
sales,SALE0352,Chattogram,Central,22.359091,91.77438,Electronics,Smartphone,87310.0,20.0,1746200.0,2024-10-24,Medium,4.9,,,,,,,,,,,,,,,,,,,,,,,,,,,,,2025-10-06T11:21:21.930749,6,1.4776994235816083,0.6888482261560847
sales,SALE0353,Saidpur,North,25.772125,88.917812,Grocery,Sugar (1kg),494.0,98.0,48412.0,2025-08-28,Large,3.3,,,,,,,,,,,,,,,,,,,,,,,,,,,,,2025-10-06T11:21:21.930749,4,-0.32551165390005626,-0.42358315041297295
sales,SALE0354,Bogra,North,24.809816,89.465047,Clothing,Jacket,1930.0,41.0,79130.0,2024-11-08,Medium,3.5,,,,,,,,,,,,,,,,,,,,,,,,,,,,,2025-10-06T11:21:21.930749,2,-0.8380717972168095,-0.8234869598071433
sales,SALE0355,Barishal,South,22.729449,90.451204,Grocery,Rice (5kg),66.0,95.0,6270.0,2025-07-03,Medium,4.0,,,,,,,,,,,,,,,,,,,,,,,,,,,,,2025-10-06T11:21:21.930749,5,-0.40038638867028253,0.6557144694990832
sales,SALE0356,Sylhet,East,24.865816,91.807815,Electronics,Laptop,42311.0,100.0,4231100.0,2025-05-26,Large,3.9,,,,,,,,,,,,,,,,,,,,,,,,,,,,,2025-10-06T11:21:21.930749,1,2.222335923670748,0.3672450240610627
sales,SALE0357,Sylhet,East,24.896604,91.822502,Clothing,Shoes,1469.0,89.0,130741.0,2025-01-28,Small,3.2,,,,,,,,,,,,,,,,,,,,,,,,,,,,,2025-10-06T11:21:21.930749,4,-0.35610320533494616,-0.699633977776129
sales,SALE0358,Dhaka,Central,23.821989,90.319146,Beauty,Perfume,3903.0,23.0,89769.0,2024-10-06,Medium,5.0,,,,,,,,,,,,,,,,,,,,,,,,,,,,,2025-10-06T11:21:21.930749,3,-1.0066424180535107,1.3300297066644193
sales,SALE0359,Thakurgaon,North,25.930313,88.492443,Grocery,Spice Mix,738.0,41.0,30258.0,2024-10-30,Medium,4.4,,,,,,,,,,,,,,,,,,,,,,,,,,,,,2025-10-06T11:21:21.930749,3,-0.9094439364937522,0.6158780737515288
sales,SALE0360,Rajshahi,West,24.447229,88.649241,Grocery,Tea (250g),595.0,38.0,22610.0,2025-05-06,Small,4.4,,,,,,,,,,,,,,,,,,,,,,,,,,,,,2025-10-06T11:21:21.930749,3,-0.9445883231037864,0.5791832974252268
sales,SALE0361,Mymensingh,Central,24.777916,90.38456,Electronics,Headphones,112031.0,47.0,5265457.0,2025-01-19,Small,3.2,,,,,,,,,,,,,,,,,,,,,,,,,,,,,2025-10-06T11:21:21.930749,1,3.6942088864601597,-1.7834597655755626
sales,SALE0362,Chattogram,Central,22.365368,91.698377,Grocery,Cooking Oil (1L),182.0,31.0,5642.0,2025-01-27,Small,3.7,,,,,,,,,,,,,,,,,,,,,,,,,,,,,2025-10-06T11:21:21.930749,2,-1.0079566268134905,-0.6207501523052535
sales,SALE0363,Dhaka,Central,23.773524,90.486666,Clothing,Shoes,1811.0,60.0,108660.0,2024-12-28,Small,4.2,,,,,,,,,,,,,,,,,,,,,,,,,,,,,2025-10-06T11:21:21.930749,5,-0.6658597550433561,0.5291480362474896
sales,SALE0364,Pabna,North,23.945384,89.231015,HomeAppliances,Refrigerator,6308.0,40.0,252320.0,2025-03-17,Large,4.4,,,,,,,,,,,,,,,,,,,,,,,,,,,,,2025-10-06T11:21:21.930749,3,-0.7086684475577568,0.574828055629142
sales,SALE0365,Narail,West,23.227355,89.508503,Sports,Yoga Mat,13960.0,99.0,1382040.0,2025-03-11,Large,3.1,,,,,,,,,,,,,,,,,,,,,,,,,,,,,2025-10-06T11:21:21.930749,4,0.5045695167127665,-0.7908095602099295
sales,SALE0366,Cox's Bazar,East,21.436802,91.987253,Grocery,Sugar (1kg),697.0,10.0,6970.0,2025-02-18,Medium,4.4,,,,,,,,,,,,,,,,,,,,,,,,,,,,,2025-10-06T11:21:21.930749,3,-1.2189132380919745,0.22931180117704483
sales,SALE0367,Dhaka,Central,23.845705,90.469902,Beauty,Shampoo,1251.0,100.0,125100.0,2024-12-28,Large,4.2,,,,,,,,,,,,,,,,,,,,,,,,,,,,,2025-10-06T11:21:21.930749,5,-0.2855440393956013,1.0311954670390047
sales,SALE0368,Dhaka,Central,23.771001,90.332626,Clothing,Handbag,828.0,56.0,46368.0,2025-01-22,Small,4.7,,,,,,,,,,,,,,,,,,,,,,,,,,,,,2025-10-06T11:21:21.930749,5,-0.7648712851040143,1.2803405874267992
sales,SALE0369,Dhaka,Central,23.71849,90.442979,Sports,Yoga Mat,5514.0,39.0,215046.0,2025-07-14,Small,3.6,,,,,,,,,,,,,,,,,,,,,,,,,,,,,2025-10-06T11:21:21.930749,2,-0.7275386708305667,-0.7076341015685971
sales,SALE0370,Rangpur,North,25.763329,89.42478,Clothing,Sunglasses,1223.0,45.0,55035.0,2025-01-14,Medium,4.7,,,,,,,,,,,,,,,,,,,,,,,,,,,,,2025-10-06T11:21:21.930749,3,-0.8589783730023993,1.1410764509200464
sales,SALE0371,Jhalokati,South,22.644091,90.194067,Clothing,Jacket,1104.0,82.0,90528.0,2024-12-28,Medium,3.3,,,,,,,,,,,,,,,,,,,,,,,,,,,,,2025-10-06T11:21:21.930749,4,-0.45026776325937223,-0.6260524436782767
sales,SALE0372,Rangpur,North,25.75727,89.294502,Beauty,Shampoo,4570.0,12.0,54840.0,2025-01-22,Large,3.3,,,,,,,,,,,,,,,,,,,,,,,,,,,,,2025-10-06T11:21:21.930749,2,-1.0626062591233807,-1.5184429350987363
sales,SALE0373,Kishoreganj,Central,24.424552,90.737955,Clothing,Shoes,931.0,22.0,20482.0,2024-11-03,Large,4.4,,,,,,,,,,,,,,,,,,,,,,,,,,,,,2025-10-06T11:21:21.930749,3,-1.092489725242099,0.37778947066237706
sales,SALE0374,Chattogram,Central,22.358309,91.782653,Grocery,Tea (250g),385.0,73.0,28105.0,2025-09-15,Small,3.2,,,,,,,,,,,,,,,,,,,,,,,,,,,,,2025-10-06T11:21:21.930749,4,-0.5745075181595801,-0.8941769735995964
sales,SALE0375,Tangail,Central,24.248749,89.969066,Beauty,Face Mask,4924.0,34.0,167416.0,2024-11-07,Small,4.5,,,,,,,,,,,,,,,,,,,,,,,,,,,,,2025-10-06T11:21:21.930749,3,-0.8332282692438003,0.6660676037774649
sales,SALE0376,Saidpur,North,25.800518,88.92129,HomeAppliances,Electric Fan,42508.0,82.0,3485656.0,2025-09-21,Medium,4.8,,,,,,,,,,,,,,,,,,,,,,,,,,,,,2025-10-06T11:21:21.930749,5,1.740766905572163,1.5675701311429222
sales,SALE0377,Rangpur,North,25.713424,89.263982,Electronics,Smartwatch,92136.0,39.0,3593304.0,2025-02-01,Small,4.6,,,,,,,,,,,,,,,,,,,,,,,,,,,,,2025-10-06T11:21:21.930749,6,2.4875883190002535,0.4396671682857345
sales,SALE0378,Dhaka,Central,23.813132,90.444282,Electronics,Bluetooth Speaker,46985.0,59.0,2772115.0,2025-08-30,Large,3.1,,,,,,,,,,,,,,,,,,,,,,,,,,,,,2025-10-06T11:21:21.930749,4,1.3938996185600556,-1.458325540228365
sales,SALE0379,Habiganj,East,24.378224,91.298172,Clothing,Dress,2002.0,62.0,124124.0,2025-02-11,Small,3.7,,,,,,,,,,,,,,,,,,,,,,,,,,,,,2025-10-06T11:21:21.930749,4,-0.6219565820626539,-0.24307142609573187
sales,SALE0380,Barishal,South,22.640515,90.389496,Electronics,Headphones,48970.0,92.0,4505240.0,2025-04-26,Large,5.0,,,,,,,,,,,,,,,,,,,,,,,,,,,,,2025-10-06T11:21:21.930749,1,2.3683713344473887,1.9851698032349399
sales,SALE0381,Dinajpur,North,25.622628,88.722744,Grocery,Sugar (1kg),448.0,17.0,7616.0,2025-03-31,Large,4.1,,,,,,,,,,,,,,,,,,,,,,,,,,,,,2025-10-06T11:21:21.930749,3,-1.1480018493409512,-0.15977156960290217
sales,SALE0382,Dhaka,Central,23.817733,90.392275,Sports,Badminton Racket,8421.0,60.0,505260.0,2025-08-05,Medium,3.9,,,,,,,,,,,,,,,,,,,,,,,,,,,,,2025-10-06T11:21:21.930749,4,-0.35642668675757505,0.01879714920181418
sales,SALE0383,Chuadanga,West,23.61103,88.825152,Furniture,Table,11344.0,7.0,79408.0,2025-05-11,Medium,4.7,,,,,,,,,,,,,,,,,,,,,,,,,,,,,2025-10-06T11:21:21.930749,3,-0.9894213786501336,0.6115344034615321
sales,SALE0384,Brahmanbaria,East,23.974729,91.100183,Electronics,Bluetooth Speaker,40541.0,21.0,851361.0,2025-04-22,Large,4.4,,,,,,,,,,,,,,,,,,,,,,,,,,,,,2025-10-06T11:21:21.930749,3,0.10705267239135567,0.15465541620968506
sales,SALE0385,Manikganj,Central,23.907478,89.910906,Grocery,Cooking Oil (1L),203.0,64.0,12992.0,2025-01-16,Medium,4.0,,,,,,,,,,,,,,,,,,,,,,,,,,,,,2025-10-06T11:21:21.930749,5,-0.6943330236011858,0.26846210723387876
sales,SALE0386,Jessore,West,23.101656,89.186514,Clothing,Jacket,2337.0,3.0,7011.0,2025-08-21,Medium,4.0,,,,,,,,,,,,,,,,,,,,,,,,,,,,,2025-10-06T11:21:21.930749,2,-1.2382182861181694,-0.504044816983889
sales,SALE0387,Rajshahi,West,24.390673,88.669649,Clothing,Jeans,1181.0,75.0,88575.0,2025-04-09,Small,3.1,,,,,,,,,,,,,,,,,,,,,,,,,,,,,2025-10-06T11:21:21.930749,4,-0.5112026698758693,-1.0322882213246933
sales,SALE0388,Feni,East,22.991174,91.254537,Electronics,Power Bank,86317.0,84.0,7250628.0,2024-10-27,Medium,3.6,,,,,,,,,,,,,,,,,,,,,,,,,,,,,2025-10-06T11:21:21.930749,1,4.224638643996867,-0.523277500353914
sales,SALE0389,Dhaka,Central,23.782988,90.436008,Furniture,Office Chair,12044.0,56.0,674464.0,2025-07-30,Medium,4.5,,,,,,,,,,,,,,,,,,,,,,,,,,,,,2025-10-06T11:21:21.930749,5,-0.26590945106108554,0.9060818778012972
sales,SALE0390,Jessore,West,23.169235,89.234757,Furniture,Dining Set,31427.0,47.0,1477069.0,2025-09-13,Medium,3.1,,,,,,,,,,,,,,,,,,,,,,,,,,,,,2025-10-06T11:21:21.930749,2,0.43104208137993943,-1.5348248754416685
sales,SALE0391,Dhaka,Central,23.870129,90.402988,Grocery,Tea (250g),239.0,47.0,11233.0,2024-12-27,Medium,3.1,,,,,,,,,,,,,,,,,,,,,,,,,,,,,2025-10-06T11:21:21.930749,2,-0.8326807774640356,-1.3770019879917457
sales,SALE0392,Dhaka,Central,23.788136,90.359412,Clothing,Shoes,2144.0,98.0,210112.0,2024-12-29,Medium,4.7,,,,,,,,,,,,,,,,,,,,,,,,,,,,,2025-10-06T11:21:21.930749,5,-0.26650782523679345,1.798420684886521
sales,SALE0393,Jamalpur,Central,24.831405,89.853186,Clothing,Shoes,3086.0,79.0,243794.0,2025-08-07,Small,5.0,,,,,,,,,,,,,,,,,,,,,,,,,,,,,2025-10-06T11:21:21.930749,5,-0.42464128365272125,2.034377779247254
sales,SALE0394,Mymensingh,Central,24.716546,90.442394,HomeAppliances,Electric Fan,26457.0,44.0,1164108.0,2024-12-25,Medium,4.5,,,,,,,,,,,,,,,,,,,,,,,,,,,,,2025-10-06T11:21:21.930749,3,0.1300287776677272,0.6816476716983397
sales,SALE0395,Brahmanbaria,East,24.000596,91.070725,Clothing,Jeans,2767.0,66.0,182622.0,2025-03-15,Large,3.1,,,,,,,,,,,,,,,,,,,,,,,,,,,,,2025-10-06T11:21:21.930749,4,-0.5264323054846866,-1.1523481765832315
sales,SALE0396,Dhaka,Central,23.918165,90.376157,Sports,Football,4990.0,92.0,459080.0,2025-04-19,Medium,4.0,,,,,,,,,,,,,,,,,,,,,,,,,,,,,2025-10-06T11:21:21.930749,5,-0.14486304252526702,0.5955835593209078
sales,SALE0397,Kushtia,West,23.973987,89.216191,Beauty,Face Cream,4423.0,18.0,79614.0,2025-04-22,Large,3.6,,,,,,,,,,,,,,,,,,,,,,,,,,,,,2025-10-06T11:21:21.930749,2,-1.0070159155446532,-0.9648123627585964
sales,SALE0398,Dhaka,Central,23.833299,90.371837,Clothing,Dress,2825.0,95.0,268375.0,2025-05-06,Large,3.7,,,,,,,,,,,,,,,,,,,,,,,,,,,,,2025-10-06T11:21:21.930749,4,-0.22913960498849073,0.16531226398946836
sales,SALE0399,Cox's Bazar,East,21.408934,92.016881,Grocery,Spice Mix,561.0,69.0,38709.0,2025-01-29,Large,4.1,,,,,,,,,,,,,,,,,,,,,,,,,,,,,2025-10-06T11:21:21.930749,5,-0.6309584840999772,0.4883387134090042
sales,SALE0400,Dhaka,Central,23.742944,90.354203,Electronics,Power Bank,114921.0,3.0,344763.0,2025-04-01,Medium,4.3,,,,,,,,,,,,,,,,,,,,,,,,,,,,,2025-10-06T11:21:21.930749,6,1.413058788190102,-0.645136492287266
sales,SALE0401,Rajshahi,West,24.311254,88.656299,HomeAppliances,Electric Fan,40253.0,40.0,1610120.0,2024-10-19,Large,3.1,,,,,,,,,,,,,,,,,,,,,,,,,,,,,2025-10-06T11:21:21.930749,2,0.6128286233363888,-1.669570383141288
sales,SALE0402,Chattogram,Central,22.416185,91.826337,Electronics,Power Bank,42803.0,84.0,3595452.0,2024-12-14,Large,3.5,,,,,,,,,,,,,,,,,,,,,,,,,,,,,2025-10-06T11:21:21.930749,4,1.8461761497426237,-0.4782993304366786
sales,SALE0403,Sylhet,East,24.944702,91.823292,Electronics,Smartphone,84483.0,62.0,5237946.0,2025-07-11,Large,4.3,,,,,,,,,,,,,,,,,,,,,,,,,,,,,2025-10-06T11:21:21.930749,1,3.1779489852082463,0.3073223139790286
sales,SALE0404,Dinajpur,North,25.617166,88.61825,Clothing,Shoes,3472.0,49.0,170128.0,2025-07-23,Large,3.5,,,,,,,,,,,,,,,,,,,,,,,,,,,,,2025-10-06T11:21:21.930749,2,-0.6911606251195997,-0.7313484309117644
sales,SALE0405,Dinajpur,North,25.656094,88.7632,HomeAppliances,Washing Machine,9202.0,25.0,230050.0,2025-09-27,Medium,3.6,,,,,,,,,,,,,,,,,,,,,,,,,,,,,2025-10-06T11:21:21.930749,2,-0.7742002291320899,-0.9024433687766379
sales,SALE0406,Dhaka,Central,23.778124,90.46817,Sports,Cricket Bat,14031.0,89.0,1248759.0,2025-06-24,Medium,4.0,,,,,,,,,,,,,,,,,,,,,,,,,,,,,2025-10-06T11:21:21.930749,5,0.3325259417750339,0.5160409833509042
sales,SALE0407,Meherpur,West,23.843123,88.73047,Grocery,Tea (250g),522.0,95.0,49590.0,2025-09-05,Large,3.3,,,,,,,,,,,,,,,,,,,,,,,,,,,,,2025-10-06T11:21:21.930749,4,-0.3534242664664592,-0.46113542539429236
sales,SALE0408,Manikganj,Central,23.841752,89.949647,Grocery,Cooking Oil (1L),614.0,42.0,25788.0,2024-11-01,Medium,4.1,,,,,,,,,,,,,,,,,,,,,,,,,,,,,2025-10-06T11:21:21.930749,3,-0.8956759391584013,0.1512347202336798
sales,SALE0409,Patuakhali,South,22.30196,90.200119,Furniture,Sofa,16349.0,59.0,964591.0,2025-01-07,Medium,4.1,,,,,,,,,,,,,,,,,,,,,,,,,,,,,2025-10-06T11:21:21.930749,5,-0.01729603070768289,0.28557148232309254
sales,SALE0410,Barishal,South,22.689937,90.336891,Grocery,Honey (500g),778.0,88.0,68464.0,2024-11-11,Large,3.5,,,,,,,,,,,,,,,,,,,,,,,,,,,,,2025-10-06T11:21:21.930749,4,-0.41381489015149575,-0.23114849734276144
sales,SALE0411,Panchagarh,North,26.373024,88.515015,Grocery,Milk Powder (400g),236.0,32.0,7552.0,2025-05-17,Large,3.6,,,,,,,,,,,,,,,,,,,,,,,,,,,,,2025-10-06T11:21:21.930749,2,-0.9934762042856965,-0.7678112508170343
sales,SALE0412,Nilphamari,North,25.924944,88.866955,Beauty,Shampoo,2567.0,91.0,233597.0,2025-06-22,Large,4.4,,,,,,,,,,,,,,,,,,,,,,,,,,,,,2025-10-06T11:21:21.930749,5,-0.30703109778642435,1.2312736735694136
sales,SALE0413,Satkhira,West,22.724549,89.114093,Clothing,Jacket,2265.0,45.0,101925.0,2024-12-24,Large,3.5,,,,,,,,,,,,,,,,,,,,,,,,,,,,,2025-10-06T11:21:21.930749,2,-0.7831320179967096,-0.7752333108238547
sales,SALE0414,Feni,East,23.029051,91.33219,Grocery,Rice (5kg),627.0,87.0,54549.0,2025-01-01,Medium,4.8,,,,,,,,,,,,,,,,,,,,,,,,,,,,,2025-10-06T11:21:21.930749,5,-0.469509752966686,1.8273457964680064
sales,SALE0415,Chuadanga,West,23.661684,88.804219,Sports,Treadmill,11809.0,99.0,1169091.0,2025-07-24,Medium,3.1,,,,,,,,,,,,,,,,,,,,,,,,,,,,,2025-10-06T11:21:21.930749,4,0.37446656316928545,-0.7810340031683377
sales,SALE0416,Netrokona,Central,24.945214,90.734576,Furniture,Wardrobe,10179.0,45.0,458055.0,2025-02-22,Large,3.5,,,,,,,,,,,,,,,,,,,,,,,,,,,,,2025-10-06T11:21:21.930749,2,-0.4685376636346158,-0.8154380720201644
sales,SALE0417,Jamalpur,Central,24.912038,90.106101,Grocery,Milk Powder (400g),259.0,26.0,6734.0,2025-01-04,Medium,4.9,,,,,,,,,,,,,,,,,,,,,,,,,,,,,2025-10-06T11:21:21.930749,3,-1.0885556489205506,1.2275026296954066
sales,SALE0418,Khulna,West,22.883267,89.56317,Grocery,Honey (500g),318.0,18.0,5724.0,2025-08-12,Large,4.5,,,,,,,,,,,,,,,,,,,,,,,,,,,,,2025-10-06T11:21:21.930749,3,-1.1534602198671289,0.49040324508342187
sales,SALE0419,Tangail,Central,24.243077,89.846542,HomeAppliances,Microwave,17889.0,7.0,125223.0,2024-10-29,Large,3.5,,,,,,,,,,,,,,,,,,,,,,,,,,,,,2025-10-06T11:21:21.930749,2,-0.7903137860635069,-1.3351983460410584
sales,SALE0420,Dhaka,Central,23.799849,90.361469,Furniture,Table,8440.0,13.0,109720.0,2025-03-09,Medium,4.4,,,,,,,,,,,,,,,,,,,,,,,,,,,,,2025-10-06T11:21:21.930749,3,-0.9764527422852266,0.22494836556425582
sales,SALE0421,Jhenaidah,West,23.625295,89.20698,Furniture,Office Chair,49642.0,99.0,4914558.0,2025-07-28,Small,4.9,,,,,,,,,,,,,,,,,,,,,,,,,,,,,2025-10-06T11:21:21.930749,1,2.611152873957055,1.913552269942645
sales,SALE0422,Dinajpur,North,25.693132,88.596713,Furniture,Table,31667.0,84.0,2660028.0,2025-02-05,Medium,4.3,,,,,,,,,,,,,,,,,,,,,,,,,,,,,2025-10-06T11:21:21.930749,5,1.2138013760661592,0.8479773955722171
sales,SALE0423,Narayanganj,Central,23.570955,90.538597,Electronics,Smartwatch,50096.0,37.0,1853552.0,2024-11-10,Small,4.8,,,,,,,,,,,,,,,,,,,,,,,,,,,,,2025-10-06T11:21:21.930749,6,0.849741733142966,0.9483102582164439
sales,SALE0424,Sunamganj,East,25.022325,91.373753,Clothing,T-Shirt,2971.0,74.0,219854.0,2025-06-10,Large,4.5,,,,,,,,,,,,,,,,,,,,,,,,,,,,,2025-10-06T11:21:21.930749,5,-0.4703973290373165,1.1761704620704327
sales,SALE0425,Khulna,West,22.931948,89.516322,Beauty,Perfume,1634.0,54.0,88236.0,2025-07-08,Small,5.0,,,,,,,,,,,,,,,,,,,,,,,,,,,,,2025-10-06T11:21:21.930749,5,-0.7586178696851328,1.7291160281361808
sales,SALE0426,Panchagarh,North,26.259082,88.444351,Grocery,Milk Powder (400g),547.0,24.0,13128.0,2025-05-11,Small,3.0,,,,,,,,,,,,,,,,,,,,,,,,,,,,,2025-10-06T11:21:21.930749,2,-1.044451132279977,-1.8247406935729884
sales,SALE0427,Natore,North,24.343717,89.155755,Electronics,Laptop,51914.0,37.0,1920818.0,2025-02-16,Large,4.1,,,,,,,,,,,,,,,,,,,,,,,,,,,,,2025-10-06T11:21:21.930749,6,0.9365073768917616,-0.1758292420199019
sales,SALE0428,Jhenaidah,West,23.514207,89.336792,Electronics,Power Bank,25589.0,65.0,1663285.0,2025-02-09,Medium,3.4,,,,,,,,,,,,,,,,,,,,,,,,,,,,,2025-10-06T11:21:21.930749,4,0.536695533302388,-0.7985050138003783
sales,SALE0429,Tangail,Central,24.327105,90.040366,Electronics,Laptop,51343.0,21.0,1078203.0,2025-02-14,Large,3.5,,,,,,,,,,,,,,,,,,,,,,,,,,,,,2025-10-06T11:21:21.930749,6,0.46273058445677323,-1.3360542413706185
sales,SALE0430,Narayanganj,Central,23.661403,90.535252,Grocery,Cooking Oil (1L),54.0,95.0,5130.0,2025-04-17,Medium,4.1,,,,,,,,,,,,,,,,,,,,,,,,,,,,,2025-10-06T11:21:21.930749,5,-0.4039625410933187,0.8150208302316033
sales,SALE0431,Sylhet,East,24.85399,91.868498,Beauty,Face Cream,1637.0,79.0,129323.0,2024-11-13,Medium,4.7,,,,,,,,,,,,,,,,,,,,,,,,,,,,,2025-10-06T11:21:21.930749,5,-0.4925507269926779,1.5634963527929715
sales,SALE0432,Dhaka,Central,23.845119,90.469818,Clothing,Shoes,1643.0,12.0,19716.0,2025-03-15,Large,3.2,,,,,,,,,,,,,,,,,,,,,,,,,,,,,2025-10-06T11:21:21.930749,2,-1.1390044838943185,-1.6618665659040635
sales,SALE0433,Kishoreganj,Central,24.376216,90.77168,Clothing,Jeans,2255.0,42.0,94710.0,2025-06-01,Small,3.5,,,,,,,,,,,,,,,,,,,,,,,,,,,,,2025-10-06T11:21:21.930749,2,-0.8151211233150669,-0.8126588172524782
sales,SALE0434,Rajshahi,West,24.359466,88.616795,Clothing,Jeans,2129.0,97.0,206513.0,2025-05-23,Medium,3.6,,,,,,,,,,,,,,,,,,,,,,,,,,,,,2025-10-06T11:21:21.930749,4,-0.2463350921731947,0.03423331343744224
sales,SALE0435,Saidpur,North,25.748791,89.111246,HomeAppliances,Air Conditioner,39544.0,2.0,79088.0,2025-05-26,Large,3.7,,,,,,,,,,,,,,,,,,,,,,,,,,,,,2025-10-06T11:21:21.930749,2,-0.3754156816056507,-1.1991782352300286
sales,SALE0436,Tangail,Central,24.238676,89.862434,HomeAppliances,Microwave,6071.0,86.0,522106.0,2025-08-07,Medium,3.6,,,,,,,,,,,,,,,,,,,,,,,,,,,,,2025-10-06T11:21:21.930749,4,-0.14288326071136162,-0.1215893469164207
sales,SALE0437,Faridpur,Central,23.694229,89.925895,Clothing,Dress,3110.0,65.0,202150.0,2024-10-11,Medium,4.4,,,,,,,,,,,,,,,,,,,,,,,,,,,,,2025-10-06T11:21:21.930749,5,-0.558184646009891,0.9037477008427579
sales,SALE0438,Chattogram,Central,22.363944,91.677094,Clothing,Sunglasses,1508.0,48.0,72384.0,2024-11-26,Small,3.4,,,,,,,,,,,,,,,,,,,,,,,,,,,,,2025-10-06T11:21:21.930749,2,-0.7796240746016071,-0.8931848594841526
sales,SALE0439,Khulna,West,22.822298,89.444618,Sports,Cricket Bat,16169.0,20.0,323380.0,2025-02-16,Large,5.0,,,,,,,,,,,,,,,,,,,,,,,,,,,,,2025-10-06T11:21:21.930749,3,-0.6702767823339667,1.2271493094767443
sales,SALE0440,Gaibandha,North,25.27568,89.468038,Beauty,Shampoo,3606.0,90.0,324540.0,2024-12-29,Medium,4.5,,,,,,,,,,,,,,,,,,,,,,,,,,,,,2025-10-06T11:21:21.930749,5,-0.2612967109641031,1.3732151872179892
sales,SALE0441,Mymensingh,Central,24.748624,90.486335,Clothing,Handbag,3020.0,28.0,84560.0,2025-06-02,Large,4.5,,,,,,,,,,,,,,,,,,,,,,,,,,,,,2025-10-06T11:21:21.930749,3,-0.9658194383675455,0.6009498940692799
sales,SALE0442,Barishal,South,22.670889,90.381626,HomeAppliances,Refrigerator,36439.0,58.0,2113462.0,2025-01-09,Large,3.7,,,,,,,,,,,,,,,,,,,,,,,,,,,,,2025-10-06T11:21:21.930749,4,0.8771232031480267,-0.46353698077801897
sales,SALE0443,Saidpur,North,25.838304,89.073616,Electronics,Laptop,16094.0,71.0,1142674.0,2025-01-21,Small,4.1,,,,,,,,,,,,,,,,,,,,,,,,,,,,,2025-10-06T11:21:21.930749,5,0.16132460268654206,0.43838375954694403
sales,SALE0444,Rangamati,East,22.628292,92.17108,Electronics,Headphones,29566.0,42.0,1241772.0,2025-01-13,Medium,3.2,,,,,,,,,,,,,,,,,,,,,,,,,,,,,2025-10-06T11:21:21.930749,2,0.24768368563349763,-1.4299709861957481
sales,SALE0445,Sylhet,East,24.883576,91.890742,Furniture,Table,51983.0,75.0,3898725.0,2025-01-29,Small,4.8,,,,,,,,,,,,,,,,,,,,,,,,,,,,,2025-10-06T11:21:21.930749,1,2.0446516470746325,1.4320150321222078
sales,SALE0446,Sylhet,East,24.969534,91.852433,HomeAppliances,Electric Fan,5646.0,59.0,333114.0,2025-07-31,Large,3.8,,,,,,,,,,,,,,,,,,,,,,,,,,,,,2025-10-06T11:21:21.930749,4,-0.491683057478406,-0.13929517768865965
sales,SALE0447,Dhaka,Central,23.689088,90.465543,Clothing,Shoes,536.0,72.0,38592.0,2025-02-12,Large,4.6,,,,,,,,,,,,,,,,,,,,,,,,,,,,,2025-10-06T11:21:21.930749,5,-0.6169148976269758,1.3221416754897128
sales,SALE0448,Rajshahi,West,24.36695,88.655056,Beauty,Face Mask,378.0,51.0,19278.0,2025-05-29,Small,4.5,,,,,,,,,,,,,,,,,,,,,,,,,,,,,2025-10-06T11:21:21.930749,3,-0.8279718236661617,0.9017074535279913
sales,SALE0449,Barguna,South,22.071873,90.088257,Electronics,Laptop,13936.0,55.0,766480.0,2025-04-13,Large,3.1,,,,,,,,,,,,,,,,,,,,,,,,,,,,,2025-10-06T11:21:21.930749,4,-0.15756137990910407,-1.3454503030429323
sales,SALE0450,Jamalpur,Central,24.939713,89.874743,Sports,Football,2761.0,61.0,168421.0,2025-09-20,Medium,3.8,,,,,,,,,,,,,,,,,,,,,,,,,,,,,2025-10-06T11:21:21.930749,4,-0.600424576989232,-0.10004510902583079
sales,SALE0451,Chattogram,Central,22.380221,91.781062,Grocery,Spice Mix,178.0,99.0,17622.0,2024-11-12,Large,4.3,,,,,,,,,,,,,,,,,,,,,,,,,,,,,2025-10-06T11:21:21.930749,5,-0.3634581124551884,1.1828410871593855
sales,SALE0452,Saidpur,North,25.76327,88.951385,Clothing,Dress,1833.0,49.0,89817.0,2025-02-19,Medium,3.8,,,,,,,,,,,,,,,,,,,,,,,,,,,,,2025-10-06T11:21:21.930749,2,-0.7674369974177623,-0.24533294439639866
sales,SALE0453,Lalmonirhat,North,25.865909,89.453701,Grocery,Honey (500g),717.0,70.0,50190.0,2025-07-30,Large,4.7,,,,,,,,,,,,,,,,,,,,,,,,,,,,,2025-10-06T11:21:21.930749,5,-0.6305922908407162,1.4555682749474814
sales,SALE0454,Nilphamari,North,25.942122,88.827978,HomeAppliances,Refrigerator,13696.0,69.0,945024.0,2025-03-19,Large,3.3,,,,,,,,,,,,,,,,,,,,,,,,,,,,,2025-10-06T11:21:21.930749,4,0.035165285165019884,-0.8492741763995794
sales,SALE0455,Jessore,West,23.116393,89.024719,Electronics,Tablet,117421.0,1.0,117421.0,2025-09-25,Medium,3.9,,,,,,,,,,,,,,,,,,,,,,,,,,,,,2025-10-06T11:21:21.930749,6,1.3741014644181424,-1.3231523006105295
sales,SALE0456,Chattogram,Central,22.378728,91.837436,Sports,Dumbbell Set,18340.0,55.0,1008700.0,2025-01-07,Medium,4.6,,,,,,,,,,,,,,,,,,,,,,,,,,,,,2025-10-06T11:21:21.930749,5,-0.008617566790594538,1.0213834668789452
sales,SALE0457,Mymensingh,Central,24.780958,90.50345,Clothing,Jeans,2186.0,45.0,98370.0,2025-07-19,Medium,3.4,,,,,,,,,,,,,,,,,,,,,,,,,,,,,2025-10-06T11:21:21.930749,2,-0.7834036327686912,-0.9340833232455187
sales,SALE0458,Dhaka,Central,23.801155,90.494993,Clothing,Sunglasses,3435.0,15.0,51525.0,2025-09-20,Large,3.8,,,,,,,,,,,,,,,,,,,,,,,,,,,,,2025-10-06T11:21:21.930749,2,-1.07473659288338,-0.6785372751440159
sales,SALE0459,Dhaka,Central,23.778002,90.364548,HomeAppliances,Refrigerator,17772.0,27.0,479844.0,2025-09-02,Small,4.2,,,,,,,,,,,,,,,,,,,,,,,,,,,,,2025-10-06T11:21:21.930749,3,-0.4835737136009208,0.03311945849581764
sales,SALE0460,Chattogram,Central,22.363034,91.880681,Clothing,Dress,2748.0,87.0,239076.0,2024-10-11,Small,3.5,,,,,,,,,,,,,,,,,,,,,,,,,,,,,2025-10-06T11:21:21.930749,4,-0.31369968884966365,-0.2528133781070945
sales,SALE0461,Chattogram,Central,22.342309,91.689409,Beauty,Perfume,3495.0,57.0,199215.0,2025-06-09,Large,3.4,,,,,,,,,,,,,,,,,,,,,,,,,,,,,2025-10-06T11:21:21.930749,4,-0.5992892394989141,-0.790680506791435
sales,SALE0462,Chuadanga,West,23.685855,88.83863,HomeAppliances,Refrigerator,11183.0,65.0,726895.0,2025-05-11,Small,4.6,,,,,,,,,,,,,,,,,,,,,,,,,,,,,2025-10-06T11:21:21.930749,5,-0.18101490824401456,1.1828391801451175
sales,SALE0463,Jessore,West,23.184938,89.154893,Clothing,Sunglasses,2659.0,41.0,109019.0,2024-12-15,Large,4.5,,,,,,,,,,,,,,,,,,,,,,,,,,,,,2025-10-06T11:21:21.930749,3,-0.8389000938009327,0.7652941373349949
sales,SALE0464,Netrokona,Central,24.888964,90.647003,Clothing,Handbag,1613.0,31.0,50003.0,2025-05-05,Small,5.0,,,,,,,,,,,,,,,,,,,,,,,,,,,,,2025-10-06T11:21:21.930749,3,-0.9960580124342863,1.4420489161762293
sales,SALE0465,Khulna,West,22.939265,89.605103,HomeAppliances,Washing Machine,16486.0,53.0,873758.0,2025-05-06,Medium,3.1,,,,,,,,,,,,,,,,,,,,,,,,,,,,,2025-10-06T11:21:21.930749,4,-0.0783930543175132,-1.3834184134615624
sales,SALE0466,Jhenaidah,West,23.545193,89.234466,Clothing,Shoes,3903.0,95.0,370785.0,2025-07-09,Large,4.4,,,,,,,,,,,,,,,,,,,,,,,,,,,,,2025-10-06T11:21:21.930749,5,-0.18567384885332905,1.2751298007628697
sales,SALE0467,Chattogram,Central,22.324723,91.844998,Grocery,Tea (250g),547.0,7.0,3829.0,2025-04-13,Large,4.3,,,,,,,,,,,,,,,,,,,,,,,,,,,,,2025-10-06T11:21:21.930749,3,-1.249615720548244,0.03344906016997931
sales,SALE0468,Lalmonirhat,North,25.899961,89.425781,Sports,Yoga Mat,10944.0,90.0,984960.0,2025-03-07,Medium,3.3,,,,,,,,,,,,,,,,,,,,,,,,,,,,,2025-10-06T11:21:21.930749,4,0.1916096628893803,-0.5718046691462528
sales,SALE0469,Chattogram,Central,22.309144,91.808616,Beauty,Lipstick,1706.0,97.0,165482.0,2025-01-04,Medium,3.5,,,,,,,,,,,,,,,,,,,,,,,,,,,,,2025-10-06T11:21:21.930749,4,-0.26872660744307536,-0.12308725519820615
sales,SALE0470,Barishal,South,22.702211,90.438233,Grocery,Cooking Oil (1L),347.0,91.0,31577.0,2025-07-25,Medium,4.8,,,,,,,,,,,,,,,,,,,,,,,,,,,,,2025-10-06T11:21:21.930749,5,-0.44596362760176417,1.8785443437514133
sales,SALE0471,Habiganj,East,24.32188,91.442398,Clothing,Shoes,1990.0,54.0,107460.0,2024-12-25,Large,3.3,,,,,,,,,,,,,,,,,,,,,,,,,,,,,2025-10-06T11:21:21.930749,4,-0.6944671386674235,-0.9799336793750824
sales,SALE0472,Thakurgaon,North,26.089369,88.625374,Clothing,Jeans,1344.0,27.0,36288.0,2025-04-20,Large,3.2,,,,,,,,,,,,,,,,,,,,,,,,,,,,,2025-10-06T11:21:21.930749,2,-0.9943905123921514,-1.473003708434445
sales,SALE0473,Sirajganj,North,24.459719,89.67881,Beauty,Lipstick,3239.0,12.0,38868.0,2025-01-05,Large,4.7,,,,,,,,,,,,,,,,,,,,,,,,,,,,,2025-10-06T11:21:21.930749,3,-1.1388141695994727,0.7182733149769981
sales,SALE0474,Chattogram,Central,22.365323,91.862256,Beauty,Perfume,2399.0,49.0,117551.0,2024-10-27,Large,4.2,,,,,,,,,,,,,,,,,,,,,,,,,,,,,2025-10-06T11:21:21.930749,3,-0.7555433717761679,0.38881950689427974
sales,SALE0475,Sirajganj,North,24.515856,89.692916,Clothing,Handbag,598.0,25.0,14950.0,2024-12-10,Large,4.3,,,,,,,,,,,,,,,,,,,,,,,,,,,,,2025-10-06T11:21:21.930749,3,-1.0702346086423233,0.25773279792893083
sales,SALE0476,Mymensingh,Central,24.81485,90.378628,Clothing,Jeans,2263.0,27.0,61101.0,2025-04-19,Medium,4.9,,,,,,,,,,,,,,,,,,,,,,,,,,,,,2025-10-06T11:21:21.930749,3,-1.0129790339724678,1.229436453706197
sales,SALE0477,Rajshahi,West,24.405631,88.656904,Electronics,Smartphone,35762.0,25.0,894050.0,2025-08-07,Large,5.0,,,,,,,,,,,,,,,,,,,,,,,,,,,,,2025-10-06T11:21:21.930749,3,0.037486523559754126,1.1868769768366056
sales,SALE0478,Dhaka,Central,23.790712,90.357155,Furniture,Bed,20898.0,90.0,1880820.0,2024-12-01,Large,3.4,,,,,,,,,,,,,,,,,,,,,,,,,,,,,2025-10-06T11:21:21.930749,4,0.7564108335921746,-0.458679313560319
sales,SALE0479,Mymensingh,Central,24.810858,90.471279,HomeAppliances,Microwave,38181.0,42.0,1603602.0,2025-05-15,Medium,3.9,,,,,,,,,,,,,,,,,,,,,,,,,,,,,2025-10-06T11:21:21.930749,6,0.5601394224132952,-0.35923385153117005
sales,SALE0480,Rajshahi,West,24.383787,88.622648,Beauty,Face Mask,3143.0,40.0,125720.0,2025-05-26,Medium,4.0,,,,,,,,,,,,,,,,,,,,,,,,,,,,,2025-10-06T11:21:21.930749,3,-0.8169312915499405,-0.04594153719879705
sales,SALE0481,Tangail,Central,24.191048,89.991261,Electronics,Power Bank,69080.0,13.0,898040.0,2025-02-08,Medium,4.8,,,,,,,,,,,,,,,,,,,,,,,,,,,,,2025-10-06T11:21:21.930749,6,0.6775653826162958,0.5346450788767558
sales,SALE0482,Brahmanbaria,East,23.980864,91.084466,Electronics,Camera,49015.0,53.0,2597795.0,2025-09-13,Large,4.7,,,,,,,,,,,,,,,,,,,,,,,,,,,,,2025-10-06T11:21:21.930749,6,1.268703125240563,1.0019299787368683
sales,SALE0483,Sylhet,East,24.938465,91.787941,Beauty,Face Mask,1395.0,3.0,4185.0,2025-05-26,Large,4.9,,,,,,,,,,,,,,,,,,,,,,,,,,,,,2025-10-06T11:21:21.930749,3,-1.2862926306392428,0.9343952575755977
sales,SALE0484,Natore,North,24.369983,89.039335,Clothing,Shoes,3249.0,54.0,175446.0,2025-05-08,Small,3.4,,,,,,,,,,,,,,,,,,,,,,,,,,,,,2025-10-06T11:21:21.930749,4,-0.6429380813862456,-0.8269659353231746
sales,SALE0485,Dhaka,Central,23.835995,90.423275,Clothing,Jeans,1855.0,73.0,135415.0,2025-06-03,Medium,4.1,,,,,,,,,,,,,,,,,,,,,,,,,,,,,2025-10-06T11:21:21.930749,5,-0.5260881624038115,0.532025469253323
sales,SALE0486,Gaibandha,North,25.281736,89.566582,HomeAppliances,Air Conditioner,24122.0,33.0,796026.0,2025-01-29,Large,4.3,,,,,,,,,,,,,,,,,,,,,,,,,,,,,2025-10-06T11:21:21.930749,3,-0.16434697931579798,0.23523173474211762
sales,SALE0487,Sylhet,East,24.928529,91.982693,Sports,Treadmill,15600.0,22.0,343200.0,2025-04-09,Small,3.3,,,,,,,,,,,,,,,,,,,,,,,,,,,,,2025-10-06T11:21:21.930749,2,-0.6073561444019979,-1.4518429978882574
sales,SALE0488,Dhaka,Central,23.865654,90.405277,Clothing,Shoes,2300.0,24.0,55200.0,2025-01-02,Large,4.9,,,,,,,,,,,,,,,,,,,,,,,,,,,,,2025-10-06T11:21:21.930749,3,-1.0434073560833992,1.19176423353234
sales,SALE0489,Jessore,West,23.143234,89.194568,Clothing,Shoes,438.0,10.0,4380.0,2024-10-29,Small,4.5,,,,,,,,,,,,,,,,,,,,,,,,,,,,,2025-10-06T11:21:21.930749,3,-1.22859717481905,0.3899688267461236
sales,SALE0490,Chandpur,Central,23.268773,90.623871,Sports,Treadmill,5005.0,81.0,405405.0,2025-06-10,Small,4.4,,,,,,,,,,,,,,,,,,,,,,,,,,,,,2025-10-06T11:21:21.930749,5,-0.28292142154999006,1.0948066047305822
sales,SALE0491,Khulna,West,22.882541,89.577222,Sports,Football,7667.0,65.0,498355.0,2025-02-15,Medium,3.1,,,,,,,,,,,,,,,,,,,,,,,,,,,,,2025-10-06T11:21:21.930749,4,-0.3047494582053379,-1.1887664484843252
sales,SALE0492,Dhaka,Central,23.763528,90.477659,Sports,Dumbbell Set,22348.0,79.0,1765492.0,2025-02-01,Large,4.0,,,,,,,,,,,,,,,,,,,,,,,,,,,,,2025-10-06T11:21:21.930749,5,0.6211933964977233,0.35050445292673515
sales,SALE0493,Faridpur,Central,23.618364,89.943591,Furniture,Office Chair,39879.0,71.0,2831409.0,2025-03-10,Small,3.0,,,,,,,,,,,,,,,,,,,,,,,,,,,,,2025-10-06T11:21:21.930749,4,1.3758112730361483,-1.428080666155246
sales,SALE0494,Dhaka,Central,23.809329,90.394309,Furniture,Wardrobe,23005.0,69.0,1587345.0,2025-05-13,Small,4.0,,,,,,,,,,,,,,,,,,,,,,,,,,,,,2025-10-06T11:21:21.930749,5,0.47091215576612167,0.22040936549505347
sales,SALE0495,Khulna,West,22.792916,89.476232,Grocery,Honey (500g),730.0,56.0,40880.0,2025-07-07,Small,4.8,,,,,,,,,,,,,,,,,,,,,,,,,,,,,2025-10-06T11:21:21.930749,5,-0.7720496048252848,1.4400791053806077
sales,SALE0496,Chandpur,Central,23.280815,90.752637,Electronics,Headphones,39584.0,25.0,989600.0,2024-11-23,Large,3.5,,,,,,,,,,,,,,,,,,,,,,,,,,,,,2025-10-06T11:21:21.930749,2,0.20309962463431236,-1.2220679092572424
sales,SALE0497,Panchagarh,North,26.324778,88.539871,Furniture,Sofa,22519.0,51.0,1148469.0,2025-08-27,Medium,4.9,,,,,,,,,,,,,,,,,,,,,,,,,,,,,2025-10-06T11:21:21.930749,5,0.09169992094444411,1.4275494907977708
sales,SALE0498,Jhenaidah,West,23.545303,89.253013,Electronics,Power Bank,82055.0,32.0,2625760.0,2024-10-15,Small,3.6,,,,,,,,,,,,,,,,,,,,,,,,,,,,,2025-10-06T11:21:21.930749,6,1.8505757604826754,-1.1940175649336093
sales,SALE0499,Dhaka,Central,23.763932,90.426802,Beauty,Perfume,459.0,12.0,5508.0,2025-03-13,Medium,3.8,,,,,,,,,,,,,,,,,,,,,,,,,,,,,2025-10-06T11:21:21.930749,2,-1.1882813337505473,-0.6999560070323834
sales,SALE0500,Dhaka,Central,23.85906,90.442566,Sports,Treadmill,2338.0,82.0,191716.0,2025-10-02,Large,3.3,,,,,,,,,,,,,,,,,,,,,,,,,,,,,2025-10-06T11:21:21.930749,4,-0.38368391641988653,-0.6318686017558459
sales,SALE0501,Thakurgaon,North,25.894838,88.510673,Grocery,Milk Powder (400g),484.0,83.0,40172.0,2025-04-20,Large,5.0,,,,,,,,,,,,,,,,,,,,,,,,,,,,,2025-10-06T11:21:21.930749,5,-0.522639984091575,2.0966172435697352
sales,SALE0502,Khulna,West,22.87116,89.62272,Clothing,T-Shirt,3965.0,68.0,269620.0,2025-09-15,Small,3.4,,,,,,,,,,,,,,,,,,,,,,,,,,,,,2025-10-06T11:21:21.930749,4,-0.45538259693772465,-0.655412587738742
sales,SALE0503,Panchagarh,North,26.410614,88.628895,Clothing,Handbag,3135.0,73.0,228855.0,2025-02-05,Medium,3.1,,,,,,,,,,,,,,,,,,,,,,,,,,,,,2025-10-06T11:21:21.930749,4,-0.4327577164871783,-1.0666352374165504
sales,SALE0504,Bogra,North,24.853772,89.270582,Grocery,Rice (5kg),740.0,36.0,26640.0,2025-01-01,Large,4.3,,,,,,,,,,,,,,,,,,,,,,,,,,,,,2025-10-06T11:21:21.930749,3,-0.9562429762325245,0.394231096848503
sales,SALE0505,Dhaka,Central,23.918847,90.401947,Clothing,Jeans,3783.0,41.0,155103.0,2025-09-28,Small,4.2,,,,,,,,,,,,,,,,,,,,,,,,,,,,,2025-10-06T11:21:21.930749,3,-0.7873392121164272,0.28178534829313057
sales,SALE0506,Bandarban,East,22.20218,92.321703,Grocery,Spice Mix,769.0,51.0,39219.0,2025-08-28,Medium,3.3,,,,,,,,,,,,,,,,,,,,,,,,,,,,,2025-10-06T11:21:21.930749,4,-0.7771030317451503,-1.0112718265202485
sales,SALE0507,Tangail,Central,24.212876,89.840799,Electronics,Tablet,82277.0,50.0,4113850.0,2024-10-25,Large,3.7,,,,,,,,,,,,,,,,,,,,,,,,,,,,,2025-10-06T11:21:21.930749,6,2.598011889548006,-0.796779520492295
sales,SALE0508,Comilla,East,23.439235,91.139355,Electronics,Headphones,111612.0,89.0,9933468.0,2025-08-27,Large,4.5,,,,,,,,,,,,,,,,,,,,,,,,,,,,,2025-10-06T11:21:21.930749,1,5.845694886943933,0.8591478658970733
sales,SALE0509,Moulvibazar,East,24.412984,91.778314,Clothing,Jacket,519.0,13.0,6747.0,2025-02-25,Small,4.7,,,,,,,,,,,,,,,,,,,,,,,,,,,,,2025-10-06T11:21:21.930749,3,-1.202611332909395,0.7454565687949312
sales,SALE0510,Saidpur,North,25.804122,88.912547,Furniture,Sofa,44660.0,99.0,4421340.0,2024-11-26,Large,3.8,,,,,,,,,,,,,,,,,,,,,,,,,,,,,2025-10-06T11:21:21.930749,1,2.341373654834194,0.18442891388300398
sales,SALE0511,Dhaka,Central,23.79484,90.367371,Electronics,Camera,11883.0,82.0,974406.0,2025-05-20,Medium,4.0,,,,,,,,,,,,,,,,,,,,,,,,,,,,,2025-10-06T11:21:21.930749,5,0.11126133365119459,0.43790281001375286
sales,SALE0512,Jhenaidah,West,23.448041,89.190202,Grocery,Sugar (1kg),606.0,49.0,29694.0,2025-02-27,Small,4.4,,,,,,,,,,,,,,,,,,,,,,,,,,,,,2025-10-06T11:21:21.930749,3,-0.8353092432369059,0.7163598872991608
sales,SALE0513,Barguna,South,22.16066,90.074882,Clothing,Sunglasses,1856.0,11.0,20416.0,2024-11-24,Medium,4.6,,,,,,,,,,,,,,,,,,,,,,,,,,,,,2025-10-06T11:21:21.930749,3,-1.183776188973441,0.5540123766595696
sales,SALE0514,Dhaka,Central,23.8641,90.413779,Clothing,Sunglasses,601.0,11.0,6611.0,2025-05-22,Small,3.8,,,,,,,,,,,,,,,,,,,,,,,,,,,,,2025-10-06T11:21:21.930749,2,-1.194331266104073,-0.7131995694806498
sales,SALE0515,Comilla,East,23.42528,91.090077,Grocery,Spice Mix,689.0,20.0,13780.0,2025-03-21,Medium,3.7,,,,,,,,,,,,,,,,,,,,,,,,,,,,,2025-10-06T11:21:21.930749,2,-1.0997497446622269,-0.7606385031585893
sales,SALE0516,Barishal,South,22.714356,90.384024,Clothing,T-Shirt,321.0,40.0,12840.0,2025-02-21,Medium,4.5,,,,,,,,,,,,,,,,,,,,,,,,,,,,,2025-10-06T11:21:21.930749,3,-0.9380366728204045,0.7647914893978894
sales,SALE0517,Saidpur,North,25.775847,89.008808,Clothing,T-Shirt,842.0,12.0,10104.0,2025-07-03,Medium,3.9,,,,,,,,,,,,,,,,,,,,,,,,,,,,,2025-10-06T11:21:21.930749,2,-1.180777956357068,-0.542775726213344
sales,SALE0518,Sylhet,East,24.975511,91.92251,Electronics,Bluetooth Speaker,21538.0,4.0,86152.0,2025-08-22,Medium,4.1,,,,,,,,,,,,,,,,,,,,,,,,,,,,,2025-10-06T11:21:21.930749,3,-0.7695144774117819,-0.4376531561378879
sales,SALE0519,Dhaka,Central,23.702709,90.369351,Clothing,Shoes,2749.0,42.0,115458.0,2025-03-23,Small,3.6,,,,,,,,,,,,,,,,,,,,,,,,,,,,,2025-10-06T11:21:21.930749,2,-0.798921596864509,-0.655931788777772
sales,SALE0520,Dhaka,Central,23.803737,90.417111,Clothing,Dress,3491.0,11.0,38401.0,2024-12-24,Small,4.1,,,,,,,,,,,,,,,,,,,,,,,,,,,,,2025-10-06T11:21:21.930749,3,-1.1257821893659368,-0.25110182586924
sales,SALE0521,Dhaka,Central,23.818733,90.439016,Clothing,Jeans,3107.0,49.0,152243.0,2025-07-12,Small,3.5,,,,,,,,,,,,,,,,,,,,,,,,,,,,,2025-10-06T11:21:21.930749,2,-0.7062305334831644,-0.7295086349159875
sales,SALE0522,Pabna,North,23.995071,89.251131,Clothing,Jacket,2319.0,19.0,44061.0,2025-09-04,Small,3.9,,,,,,,,,,,,,,,,,,,,,,,,,,,,,2025-10-06T11:21:21.930749,2,-1.0668931475560455,-0.46331342337962766
sales,SALE0523,Tangail,Central,24.297657,89.937227,Sports,Treadmill,10322.0,62.0,639964.0,2025-08-28,Medium,3.5,,,,,,,,,,,,,,,,,,,,,,,,,,,,,2025-10-06T11:21:21.930749,4,-0.23117979749883885,-0.6024387036069982
sales,SALE0524,Jamalpur,Central,24.842814,89.956514,Electronics,Tablet,102489.0,81.0,8301609.0,2025-01-26,Large,4.2,,,,,,,,,,,,,,,,,,,,,,,,,,,,,2025-10-06T11:21:21.930749,1,4.945403208063971,0.31587003808665
sales,SALE0525,Dhaka,Central,23.803873,90.299589,Clothing,Dress,738.0,18.0,13284.0,2025-05-04,Small,4.9,,,,,,,,,,,,,,,,,,,,,,,,,,,,,2025-10-06T11:21:21.930749,3,-1.1525935732844932,1.1251624876069668
sales,SALE0526,Bogra,North,24.857993,89.305039,Electronics,Camera,118311.0,80.0,9464880.0,2025-03-26,Medium,3.9,,,,,,,,,,,,,,,,,,,,,,,,,,,,,2025-10-06T11:21:21.930749,1,5.746563852365364,-0.2502571632077001
sales,SALE0527,Rajshahi,West,24.412073,88.649732,HomeAppliances,Electric Fan,44666.0,77.0,3439282.0,2025-07-29,Medium,3.6,,,,,,,,,,,,,,,,,,,,,,,,,,,,,2025-10-06T11:21:21.930749,4,1.7575619141526881,-0.4181808523213918
sales,SALE0528,Brahmanbaria,East,23.907018,91.155149,Clothing,Sunglasses,1122.0,62.0,69564.0,2025-04-29,Small,4.9,,,,,,,,,,,,,,,,,,,,,,,,,,,,,2025-10-06T11:21:21.930749,5,-0.6971070506726985,1.6722669747413461
sales,SALE0529,Khulna,West,22.915223,89.525297,HomeAppliances,Blender,21100.0,95.0,2004500.0,2024-10-16,Large,4.0,,,,,,,,,,,,,,,,,,,,,,,,,,,,,2025-10-06T11:21:21.930749,5,0.8395484177066475,0.5592877284980833
sales,SALE0530,Netrokona,Central,24.876585,90.781948,Beauty,Sunscreen,2185.0,42.0,91770.0,2025-03-28,Medium,4.6,,,,,,,,,,,,,,,,,,,,,,,,,,,,,2025-10-06T11:21:21.930749,3,-0.8493795067139653,0.9394637168107914
sales,SALE0531,Khulna,West,22.910817,89.44055,Grocery,Milk Powder (400g),413.0,15.0,6195.0,2024-12-22,Small,4.2,,,,,,,,,,,,,,,,,,,,,,,,,,,,,2025-10-06T11:21:21.930749,3,-1.1715322410774736,-0.025280363517105962
sales,SALE0532,Natore,North,24.365452,89.055351,Grocery,Tea (250g),224.0,88.0,19712.0,2024-12-29,Small,4.9,,,,,,,,,,,,,,,,,,,,,,,,,,,,,2025-10-06T11:21:21.930749,5,-0.4851464121991974,2.000948563717645
sales,SALE0533,Barishal,South,22.685598,90.40028,Electronics,Power Bank,100847.0,27.0,2722869.0,2025-02-24,Medium,4.7,,,,,,,,,,,,,,,,,,,,,,,,,,,,,2025-10-06T11:21:21.930749,6,2.23031054720001,0.392507689815791
sales,SALE0534,Chattogram,Central,22.422415,91.866941,Electronics,Laptop,115343.0,53.0,6113179.0,2024-10-27,Medium,3.3,,,,,,,,,,,,,,,,,,,,,,,,,,,,,2025-10-06T11:21:21.930749,1,4.149244091829124,-1.559286382422255
sales,SALE0535,Rajshahi,West,24.279428,88.575748,Electronics,Smartwatch,39722.0,33.0,1310826.0,2024-11-03,Small,4.4,,,,,,,,,,,,,,,,,,,,,,,,,,,,,2025-10-06T11:21:21.930749,3,0.3810343465650055,0.3133752735231731
sales,SALE0536,Pabna,North,23.938283,89.214452,Grocery,Spice Mix,426.0,10.0,4260.0,2025-02-19,Large,4.0,,,,,,,,,,,,,,,,,,,,,,,,,,,,,2025-10-06T11:21:21.930749,3,-1.2145691180174996,-0.406222789395866
sales,SALE0537,Narail,West,23.12622,89.525444,Clothing,Dress,2488.0,65.0,161720.0,2024-10-17,Medium,4.1,,,,,,,,,,,,,,,,,,,,,,,,,,,,,2025-10-06T11:21:21.930749,5,-0.5790801909698041,0.4290301684617814
sales,SALE0538,Comilla,East,23.488014,91.181285,Electronics,Camera,99964.0,69.0,6897516.0,2024-12-06,Large,4.8,,,,,,,,,,,,,,,,,,,,,,,,,,,,,2025-10-06T11:21:21.930749,1,4.216367206913762,1.1217704440508103
sales,SALE0539,Rangpur,North,25.739482,89.252999,Electronics,Laptop,108788.0,32.0,3481216.0,2024-11-04,Large,3.7,,,,,,,,,,,,,,,,,,,,,,,,,,,,,2025-10-06T11:21:21.930749,6,2.7769537632659707,-1.174022053957373
sales,SALE0540,Chattogram,Central,22.34396,91.879119,Electronics,Smartphone,81822.0,83.0,6791226.0,2024-10-25,Large,3.8,,,,,,,,,,,,,,,,,,,,,,,,,,,,,2025-10-06T11:21:21.930749,1,3.9318291918738693,-0.1969590922212593
sales,SALE0541,Khulna,West,22.880448,89.520271,Sports,Badminton Racket,14605.0,14.0,204470.0,2025-10-01,Small,3.5,,,,,,,,,,,,,,,,,,,,,,,,,,,,,2025-10-06T11:21:21.930749,2,-0.7660382619420034,-1.22897521129259
sales,SALE0542,Saidpur,North,25.794635,89.026863,Beauty,Sunscreen,4449.0,72.0,320328.0,2024-12-13,Large,4.2,,,,,,,,,,,,,,,,,,,,,,,,,,,,,2025-10-06T11:21:21.930749,5,-0.40932714409946996,0.666305233264547
sales,SALE0543,Rangpur,North,25.684204,89.283777,Clothing,Dress,1832.0,51.0,93432.0,2025-02-11,Large,4.2,,,,,,,,,,,,,,,,,,,,,,,,,,,,,2025-10-06T11:21:21.930749,3,-0.758217100467732,0.4166533067367535
sales,SALE0544,Narayanganj,Central,23.642103,90.529751,Grocery,Tea (250g),194.0,45.0,8730.0,2025-09-24,Medium,3.2,,,,,,,,,,,,,,,,,,,,,,,,,,,,,2025-10-06T11:21:21.930749,2,-0.8568513411981835,-1.242466247756014
sales,SALE0545,Barishal,South,22.661611,90.316249,Clothing,Dress,651.0,15.0,9765.0,2025-07-26,Medium,3.6,,,,,,,,,,,,,,,,,,,,,,,,,,,,,2025-10-06T11:21:21.930749,2,-1.1476001689529536,-0.9820683573722113
sales,SALE0546,Dhaka,Central,23.711335,90.457375,Clothing,Dress,3512.0,27.0,94824.0,2025-01-13,Medium,3.7,,,,,,,,,,,,,,,,,,,,,,,,,,,,,2025-10-06T11:21:21.930749,2,-0.937536033703667,-0.6881478784715428
sales,SALE0547,Bogra,North,24.953704,89.311537,Electronics,Laptop,65431.0,93.0,6085083.0,2024-10-15,Medium,3.6,,,,,,,,,,,,,,,,,,,,,,,,,,,,,2025-10-06T11:21:21.930749,1,3.394721056517169,-0.30718279585776254
sales,SALE0548,Comilla,East,23.515748,91.298401,Clothing,Jacket,483.0,91.0,43953.0,2025-08-09,Small,4.7,,,,,,,,,,,,,,,,,,,,,,,,,,,,,2025-10-06T11:21:21.930749,5,-0.43528665834273783,1.7186641312553548
sales,SALE0549,Dinajpur,North,25.610034,88.626943,Furniture,Wardrobe,12167.0,87.0,1058529.0,2025-07-14,Large,3.5,,,,,,,,,,,,,,,,,,,,,,,,,,,,,2025-10-06T11:21:21.930749,4,0.2126103084234322,-0.29674046827530115
sales,SALE0550,Comilla,East,23.473387,91.208962,Grocery,Cooking Oil (1L),605.0,21.0,12705.0,2025-04-20,Large,3.9,,,,,,,,,,,,,,,,,,,,,,,,,,,,,2025-10-06T11:21:21.930749,2,-1.0981231014554966,-0.4292125023749757
sales,SALE0551,Jessore,West,23.185403,89.176501,Beauty,Lipstick,2099.0,52.0,109148.0,2024-11-18,Small,3.4,,,,,,,,,,,,,,,,,,,,,,,,,,,,,2025-10-06T11:21:21.930749,4,-0.7135675885210889,-0.8462074553849237
sales,SALE0552,Dhaka,Central,23.841379,90.390323,HomeAppliances,Air Conditioner,30320.0,51.0,1546320.0,2025-09-22,Large,4.2,,,,,,,,,,,,,,,,,,,,,,,,,,,,,2025-10-06T11:21:21.930749,5,0.4398548025113832,0.2736235546370461
sales,SALE0553,Khagrachhari,East,23.118855,91.968244,Electronics,Tablet,66926.0,76.0,5086376.0,2025-03-01,Medium,3.0,,,,,,,,,,,,,,,,,,,,,,,,,,,,,2025-10-06T11:21:21.930749,1,2.8977792943113183,-1.4928433398453949
sales,SALE0554,Comilla,East,23.372048,91.256615,Beauty,Face Cream,1885.0,36.0,67860.0,2024-10-11,Small,4.2,,,,,,,,,,,,,,,,,,,,,,,,,,,,,2025-10-06T11:21:21.930749,3,-0.9118151971492433,0.22906070971647247
sales,SALE0555,Khulna,West,22.815817,89.622766,Furniture,Dining Set,40185.0,24.0,964440.0,2025-04-02,Medium,3.4,,,,,,,,,,,,,,,,,,,,,,,,,,,,,2025-10-06T11:21:21.930749,2,0.20015033313676336,-1.3973599497022473
sales,SALE0556,Cox's Bazar,East,21.480003,92.019194,Clothing,T-Shirt,1374.0,86.0,118164.0,2025-01-29,Large,4.9,,,,,,,,,,,,,,,,,,,,,,,,,,,,,2025-10-06T11:21:21.930749,5,-0.44083030854874966,1.9706300197477604
sales,SALE0557,Meherpur,West,23.792756,88.738713,Clothing,Jacket,2745.0,50.0,137250.0,2024-11-28,Medium,4.2,,,,,,,,,,,,,,,,,,,,,,,,,,,,,2025-10-06T11:21:21.930749,3,-0.7305392597040079,0.39957244355966615
sales,SALE0558,Narayanganj,Central,23.600333,90.490624,Sports,Badminton Racket,12033.0,59.0,709947.0,2024-11-24,Small,4.6,,,,,,,,,,,,,,,,,,,,,,,,,,,,,2025-10-06T11:21:21.930749,5,-0.22640759185722073,1.1031551402684352
sales,SALE0559,Lalmonirhat,North,25.946378,89.273577,Clothing,Sunglasses,3579.0,39.0,139581.0,2024-11-26,Large,3.2,,,,,,,,,,,,,,,,,,,,,,,,,,,,,2025-10-06T11:21:21.930749,2,-0.7885253619365891,-1.334694152160887
sales,SALE0560,Dinajpur,North,25.632365,88.609989,Sports,Cricket Bat,10762.0,16.0,172192.0,2025-06-06,Medium,3.2,,,,,,,,,,,,,,,,,,,,,,,,,,,,,2025-10-06T11:21:21.930749,2,-0.8368629022246502,-1.6608715634533482
sales,SALE0561,Brahmanbaria,East,23.928056,91.124423,HomeAppliances,Blender,11264.0,66.0,743424.0,2025-03-22,Medium,4.2,,,,,,,,,,,,,,,,,,,,,,,,,,,,,2025-10-06T11:21:21.930749,5,-0.15170844910690348,0.5580198051445676
sales,SALE0562,Khulna,West,22.814264,89.592044,Clothing,Shoes,1871.0,55.0,102905.0,2025-07-03,Medium,4.3,,,,,,,,,,,,,,,,,,,,,,,,,,,,,2025-10-06T11:21:21.930749,5,-0.7179133334696148,0.6256620260735763
sales,SALE0563,Chattogram,Central,22.404556,91.813985,Sports,Dumbbell Set,21643.0,23.0,497789.0,2024-12-26,Small,4.0,,,,,,,,,,,,,,,,,,,,,,,,,,,,,2025-10-06T11:21:21.930749,2,-0.4226085760419278,-0.35647730161352065
sales,SALE0564,Khulna,West,22.881855,89.571271,Electronics,Headphones,32523.0,41.0,1333443.0,2025-02-18,Large,3.1,,,,,,,,,,,,,,,,,,,,,,,,,,,,,2025-10-06T11:21:21.930749,2,0.3425400933008597,-1.6171247760405876
sales,SALE0565,Chandpur,Central,23.27332,90.695257,Electronics,Camera,9256.0,63.0,583128.0,2025-07-29,Small,4.6,,,,,,,,,,,,,,,,,,,,,,,,,,,,,2025-10-06T11:21:21.930749,5,-0.2988507948518947,1.1671234435024547
sales,SALE0566,Kushtia,West,23.926472,89.186709,HomeAppliances,Washing Machine,35124.0,84.0,2950416.0,2025-01-26,Medium,4.4,,,,,,,,,,,,,,,,,,,,,,,,,,,,,2025-10-06T11:21:21.930749,5,1.4001191308426715,0.9910035881921042
sales,SALE0567,Dhaka,Central,23.802147,90.367806,Clothing,Dress,3208.0,57.0,182856.0,2025-01-29,Small,3.2,,,,,,,,,,,,,,,,,,,,,,,,,,,,,2025-10-06T11:21:21.930749,4,-0.6062827488574182,-1.1077593411008453
sales,SALE0568,Barishal,South,22.661379,90.335022,Electronics,Smartphone,112317.0,98.0,11007066.0,2025-06-16,Medium,3.1,,,,,,,,,,,,,,,,,,,,,,,,,,,,,2025-10-06T11:21:21.930749,1,6.400891069505635,-1.2513920350344336
sales,SALE0569,Manikganj,Central,23.765319,90.012798,Sports,Cricket Bat,18116.0,37.0,670292.0,2025-07-12,Medium,4.1,,,,,,,,,,,,,,,,,,,,,,,,,,,,,2025-10-06T11:21:21.930749,3,-0.3032043588306676,-0.0014468323915468747
sales,SALE0570,Dhaka,Central,23.843262,90.468754,Clothing,Handbag,3437.0,64.0,219968.0,2024-12-29,Large,3.2,,,,,,,,,,,,,,,,,,,,,,,,,,,,,2025-10-06T11:21:21.930749,4,-0.5192340334068403,-1.0213686769530619
sales,SALE0571,Dhaka,Central,23.729922,90.366737,Electronics,Laptop,43112.0,100.0,4311200.0,2025-01-01,Medium,4.1,,,,,,,,,,,,,,,,,,,,,,,,,,,,,2025-10-06T11:21:21.930749,1,2.2653543199046995,0.6821153954732728
sales,SALE0572,Sylhet,East,24.936374,91.85707,Furniture,Dining Set,7726.0,98.0,757148.0,2025-02-23,Large,3.4,,,,,,,,,,,,,,,,,,,,,,,,,,,,,2025-10-06T11:21:21.930749,4,0.10626943723466604,-0.2972704845669184
sales,SALE0573,Khulna,West,22.877371,89.465944,Clothing,Dress,719.0,95.0,68305.0,2024-11-06,Small,3.6,,,,,,,,,,,,,,,,,,,,,,,,,,,,,2025-10-06T11:21:21.930749,4,-0.3504175896723451,0.015715508536024932
sales,SALE0574,Meherpur,West,23.834733,88.621471,Grocery,Rice (5kg),500.0,34.0,17000.0,2025-04-11,Small,3.9,,,,,,,,,,,,,,,,,,,,,,,,,,,,,2025-10-06T11:21:21.930749,2,-0.9731923805469003,-0.26648302146936576
sales,SALE0575,Dhaka,Central,23.659324,90.423531,Beauty,Perfume,2141.0,27.0,57807.0,2024-12-09,Large,3.7,,,,,,,,,,,,,,,,,,,,,,,,,,,,,2025-10-06T11:21:21.930749,2,-0.9825604176417215,-0.6809381675968416
sales,SALE0576,Bogra,North,24.860483,89.337202,Grocery,Honey (500g),664.0,81.0,53784.0,2025-03-01,Small,4.2,,,,,,,,,,,,,,,,,,,,,,,,,,,,,2025-10-06T11:21:21.930749,5,-0.5097477060825184,0.7968072043340632
sales,SALE0577,Sylhet,East,24.918718,91.899028,Grocery,Spice Mix,251.0,27.0,6777.0,2025-09-06,Large,3.7,,,,,,,,,,,,,,,,,,,,,,,,,,,,,2025-10-06T11:21:21.930749,2,-1.0446290432018401,-0.6709991788636648
sales,SALE0578,Narayanganj,Central,23.629821,90.469162,Grocery,Sugar (1kg),651.0,69.0,44919.0,2025-07-12,Medium,5.0,,,,,,,,,,,,,,,,,,,,,,,,,,,,,2025-10-06T11:21:21.930749,5,-0.6523703800193349,1.9211650560044828
sales,SALE0579,Sylhet,East,24.860164,91.844143,Clothing,Jacket,1485.0,74.0,109890.0,2025-05-23,Large,5.0,,,,,,,,,,,,,,,,,,,,,,,,,,,,,2025-10-06T11:21:21.930749,5,-0.5603579577270105,1.9795490051594922
sales,SALE0580,Dinajpur,North,25.592179,88.700562,Electronics,Laptop,25771.0,97.0,2499787.0,2025-03-10,Small,5.0,,,,,,,,,,,,,,,,,,,,,,,,,,,,,2025-10-06T11:21:21.930749,5,1.125330851123533,2.1558384738785605
sales,SALE0581,Dhaka,Central,23.793905,90.421811,Clothing,Handbag,2986.0,17.0,50762.0,2024-10-12,Small,3.5,,,,,,,,,,,,,,,,,,,,,,,,,,,,,2025-10-06T11:21:21.930749,2,-1.0571845959953325,-1.1288780131577953
sales,SALE0582,Faridpur,Central,23.641255,89.781272,Electronics,Camera,116590.0,32.0,3730880.0,2024-10-25,Medium,4.0,,,,,,,,,,,,,,,,,,,,,,,,,,,,,2025-10-06T11:21:21.930749,6,3.0395472358804425,-0.7369096881158
sales,SALE0583,Khulna,West,22.778306,89.491145,Electronics,Smartwatch,90288.0,54.0,4875552.0,2025-03-28,Medium,3.2,,,,,,,,,,,,,,,,,,,,,,,,,,,,,2025-10-06T11:21:21.930749,1,3.123507886388391,-1.579875840294607
sales,SALE0584,Sherpur,Central,25.033128,90.031615,Clothing,Handbag,3904.0,99.0,386496.0,2025-08-20,Medium,4.0,,,,,,,,,,,,,,,,,,,,,,,,,,,,,2025-10-06T11:21:21.930749,5,-0.12948519936638594,0.6881536490501268
sales,SALE0585,Barishal,South,22.720523,90.347307,Sports,Badminton Racket,23264.0,48.0,1116672.0,2025-02-16,Medium,3.7,,,,,,,,,,,,,,,,,,,,,,,,,,,,,2025-10-06T11:21:21.930749,2,0.10166555407572667,-0.5253085028206855
sales,SALE0586,Dhaka,Central,23.688359,90.404443,Grocery,Rice (5kg),790.0,12.0,9480.0,2025-02-14,Large,4.3,,,,,,,,,,,,,,,,,,,,,,,,,,,,,2025-10-06T11:21:21.930749,3,-1.1936612385464747,0.09451085839210413
sales,SALE0587,Tangail,Central,24.29827,89.994168,Grocery,Sugar (1kg),104.0,69.0,7176.0,2025-03-17,Small,4.9,,,,,,,,,,,,,,,,,,,,,,,,,,,,,2025-10-06T11:21:21.930749,5,-0.6762862371464536,1.764562382369771
sales,SALE0588,Habiganj,East,24.379433,91.428539,HomeAppliances,Microwave,34421.0,35.0,1204735.0,2025-04-24,Medium,3.7,,,,,,,,,,,,,,,,,,,,,,,,,,,,,2025-10-06T11:21:21.930749,2,0.26057735881494726,-0.7482008855788517
sales,SALE0589,Khulna,West,22.876389,89.612533,Electronics,Headphones,82205.0,63.0,5178915.0,2025-04-14,Large,4.5,,,,,,,,,,,,,,,,,,,,,,,,,,,,,2025-10-06T11:21:21.930749,1,3.108015700488802,0.650298670016368
sales,SALE0590,Dhaka,Central,23.810326,90.448572,Clothing,T-Shirt,707.0,81.0,57267.0,2025-02-13,Small,3.2,,,,,,,,,,,,,,,,,,,,,,,,,,,,,2025-10-06T11:21:21.930749,4,-0.4787563977767551,-0.7959093801827685
sales,SALE0591,Barishal,South,22.673473,90.280257,Clothing,Handbag,947.0,57.0,53979.0,2025-02-15,Small,5.0,,,,,,,,,,,,,,,,,,,,,,,,,,,,,2025-10-06T11:21:21.930749,5,-0.7582162188093675,1.7699822019142344
sales,SALE0592,Rangpur,North,25.721238,89.362348,Electronics,Bluetooth Speaker,34518.0,89.0,3072102.0,2025-07-31,Large,3.6,,,,,,,,,,,,,,,,,,,,,,,,,,,,,2025-10-06T11:21:21.930749,4,1.5044948828083615,-0.21610261717460308
sales,SALE0593,Netrokona,Central,24.91441,90.66497,Beauty,Shampoo,964.0,84.0,80976.0,2025-04-05,Medium,3.2,,,,,,,,,,,,,,,,,,,,,,,,,,,,,2025-10-06T11:21:21.930749,4,-0.43488337970624885,-0.7596853382007696
sales,SALE0594,Comilla,East,23.494224,91.116589,Beauty,Face Mask,1555.0,7.0,10885.0,2025-03-18,Large,3.6,,,,,,,,,,,,,,,,,,,,,,,,,,,,,2025-10-06T11:21:21.930749,2,-1.2041715202005483,-1.0868111142900223
sales,SALE0595,Saidpur,North,25.81882,88.945877,Furniture,Wardrobe,54494.0,30.0,1634820.0,2025-03-01,Large,3.2,,,,,,,,,,,,,,,,,,,,,,,,,,,,,2025-10-06T11:21:21.930749,6,0.8428472493962154,-1.7134743343453724
sales,SALE0596,Jamalpur,Central,24.840529,90.04856,Clothing,T-Shirt,304.0,28.0,8512.0,2025-02-04,Small,3.3,,,,,,,,,,,,,,,,,,,,,,,,,,,,,2025-10-06T11:21:21.930749,2,-1.021631995032911,-1.295810532869983
sales,SALE0597,Sirajganj,North,24.433569,89.736191,Furniture,Table,39042.0,88.0,3435696.0,2025-02-21,Small,3.0,,,,,,,,,,,,,,,,,,,,,,,,,,,,,2025-10-06T11:21:21.930749,4,1.7533162994761045,-1.2054763518163163
sales,SALE0598,Rajshahi,West,24.365646,88.563969,Electronics,Camera,115100.0,16.0,1841600.0,2025-03-04,Large,3.3,,,,,,,,,,,,,,,,,,,,,,,,,,,,,2025-10-06T11:21:21.930749,6,2.1461197156830703,-2.0616875891840083
sales,SALE0599,Sylhet,East,24.88347,91.809039,Beauty,Perfume,2075.0,50.0,103750.0,2025-08-22,Large,4.6,,,,,,,,,,,,,,,,,,,,,,,,,,,,,2025-10-06T11:21:21.930749,3,-0.7699341312139506,1.039948353758419
sales,SALE0600,Comilla,East,23.581331,91.227976,Clothing,T-Shirt,1583.0,48.0,75984.0,2025-05-06,Small,3.8,,,,,,,,,,,,,,,,,,,,,,,,,,,,,2025-10-06T11:21:21.930749,2,-0.7880313684389854,-0.25655824835895935
sales,SALE0601,Dhaka,Central,23.811423,90.445327,Clothing,Handbag,3384.0,18.0,60912.0,2024-11-12,Large,3.3,,,,,,,,,,,,,,,,,,,,,,,,,,,,,2025-10-06T11:21:21.930749,2,-1.0289406417910527,-1.4370098552439743
sales,SALE0602,Pabna,North,24.035769,89.293091,Clothing,Shoes,2607.0,2.0,5214.0,2024-11-28,Large,3.3,,,,,,,,,,,,,,,,,,,,,,,,,,,,,2025-10-06T11:21:21.930749,2,-1.2224236639199848,-1.6327839740337498
sales,SALE0603,Cox's Bazar,East,21.460843,92.041309,Sports,Badminton Racket,24172.0,28.0,676816.0,2024-11-19,Large,3.3,,,,,,,,,,,,,,,,,,,,,,,,,,,,,2025-10-06T11:21:21.930749,2,-0.22862982943017962,-1.421089048713227
sales,SALE0604,Dhaka,Central,23.815393,90.505441,Furniture,Bed,45375.0,88.0,3993000.0,2025-02-22,Small,3.2,,,,,,,,,,,,,,,,,,,,,,,,,,,,,2025-10-06T11:21:21.930749,1,2.103882410958679,-0.9164458563418646
sales,SALE0605,Rajshahi,West,24.371838,88.627153,Clothing,T-Shirt,873.0,97.0,84681.0,2025-08-04,Large,4.5,,,,,,,,,,,,,,,,,,,,,,,,,,,,,2025-10-06T11:21:21.930749,5,-0.34715847988826676,1.473228454787997
sales,SALE0606,Sherpur,Central,25.028667,90.034637,Electronics,Camera,64280.0,41.0,2635480.0,2025-07-27,Small,3.6,,,,,,,,,,,,,,,,,,,,,,,,,,,,,2025-10-06T11:21:21.930749,6,1.5418163361056263,-0.9834599907720891
sales,SALE0607,Feni,East,22.939955,91.36029,Clothing,T-Shirt,1316.0,71.0,93436.0,2024-12-03,Large,4.4,,,,,,,,,,,,,,,,,,,,,,,,,,,,,2025-10-06T11:21:21.930749,5,-0.5822551397099611,0.9874024905959927
sales,SALE0608,Dhaka,Central,23.805137,90.313909,Furniture,Sofa,56050.0,89.0,4988450.0,2025-09-23,Large,4.8,,,,,,,,,,,,,,,,,,,,,,,,,,,,,2025-10-06T11:21:21.930749,1,2.689758028560301,1.59492255775796
sales,SALE0609,Chandpur,Central,23.234344,90.663842,Clothing,Jeans,2420.0,78.0,188760.0,2025-01-19,Small,4.5,,,,,,,,,,,,,,,,,,,,,,,,,,,,,2025-10-06T11:21:21.930749,5,-0.45606006965213236,1.2287861399425166
sales,SALE0610,Sunamganj,East,25.003692,91.363018,Electronics,Smartwatch,92694.0,7.0,648858.0,2025-06-06,Medium,3.8,,,,,,,,,,,,,,,,,,,,,,,,,,,,,2025-10-06T11:21:21.930749,6,1.0832906460412564,-1.265660886122232
sales,SALE0611,Chattogram,Central,22.420982,91.816661,Electronics,Tablet,73481.0,82.0,6025442.0,2024-12-06,Small,4.1,,,,,,,,,,,,,,,,,,,,,,,,,,,,,2025-10-06T11:21:21.930749,1,3.432081222958358,0.30682700706623445
sales,SALE0612,Bogra,North,24.874911,89.435109,Electronics,Smartphone,55329.0,41.0,2268489.0,2025-07-31,Medium,4.7,,,,,,,,,,,,,,,,,,,,,,,,,,,,,2025-10-06T11:21:21.930749,6,1.1681900576666027,0.814132872114004
sales,SALE0613,Rangpur,North,25.703357,89.199745,Grocery,Tea (250g),470.0,47.0,22090.0,2024-12-31,Large,3.3,,,,,,,,,,,,,,,,,,,,,,,,,,,,,2025-10-06T11:21:21.930749,2,-0.829058294920839,-1.0596682363553982
sales,SALE0614,Jhalokati,South,22.689367,90.195443,Furniture,Bed,55486.0,10.0,554860.0,2025-09-28,Large,3.1,,,,,,,,,,,,,,,,,,,,,,,,,,,,,2025-10-06T11:21:21.930749,2,0.26006610695679727,-2.138313355867223
sales,SALE0615,Natore,North,24.378243,89.205372,Electronics,Smartwatch,36277.0,6.0,217662.0,2025-09-06,Medium,4.0,,,,,,,,,,,,,,,,,,,,,,,,,,,,,2025-10-06T11:21:21.930749,2,-0.36558002459430355,-0.6521158389729759
sales,SALE0616,Dhaka,Central,23.729917,90.423584,Sports,Dumbbell Set,23851.0,65.0,1550315.0,2025-03-08,Medium,4.4,,,,,,,,,,,,,,,,,,,,,,,,,,,,,2025-10-06T11:21:21.930749,5,0.4255735083743971,0.8024931388581301
sales,SALE0617,Comilla,East,23.451198,91.159453,Grocery,Rice (5kg),695.0,69.0,47955.0,2025-01-04,Large,3.3,,,,,,,,,,,,,,,,,,,,,,,,,,,,,2025-10-06T11:21:21.930749,4,-0.6014468781775412,-0.7863209298115935
sales,SALE0618,Manikganj,Central,23.749407,90.092006,Clothing,T-Shirt,1569.0,11.0,17259.0,2025-01-18,Small,4.9,,,,,,,,,,,,,,,,,,,,,,,,,,,,,2025-10-06T11:21:21.930749,3,-1.2000446216253549,1.0333212185419618
sales,SALE0619,Dhaka,Central,23.739102,90.396501,Electronics,Headphones,78305.0,42.0,3288810.0,2025-03-20,Large,4.3,,,,,,,,,,,,,,,,,,,,,,,,,,,,,2025-10-06T11:21:21.930749,6,2.097441833320152,0.07273950134627324
sales,SALE0620,Dhaka,Central,23.788838,90.447813,Beauty,Face Mask,741.0,40.0,29640.0,2024-10-14,Medium,4.5,,,,,,,,,,,,,,,,,,,,,,,,,,,,,2025-10-06T11:21:21.930749,3,-0.9221472834899002,0.7626369753365991
sales,SALE0621,Sunamganj,East,24.986794,91.42773,Furniture,Dining Set,20639.0,8.0,165112.0,2025-06-03,Small,4.8,,,,,,,,,,,,,,,,,,,,,,,,,,,,,2025-10-06T11:21:21.930749,3,-0.7408243660642554,0.7327366568304082
sales,SALE0622,Barishal,South,22.710485,90.313781,Grocery,Rice (5kg),504.0,79.0,39816.0,2024-11-29,Small,3.6,,,,,,,,,,,,,,,,,,,,,,,,,,,,,2025-10-06T11:21:21.930749,4,-0.5208234008776716,-0.1828946549242891
sales,SALE0623,Meherpur,West,23.787994,88.701149,Furniture,Wardrobe,48126.0,95.0,4571970.0,2025-07-09,Small,3.0,,,,,,,,,,,,,,,,,,,,,,,,,,,,,2025-10-06T11:21:21.930749,1,2.461393706336443,-1.1571217898936306
sales,SALE0624,Satkhira,West,22.790217,89.058546,Electronics,Headphones,99946.0,2.0,199892.0,2025-07-15,Medium,4.9,,,,,,,,,,,,,,,,,,,,,,,,,,,,,2025-10-06T11:21:21.930749,6,0.9940114549171666,0.37922441801158296
sales,SALE0625,Sylhet,East,24.847078,91.897044,Grocery,Tea (250g),569.0,93.0,52917.0,2025-05-27,Small,3.7,,,,,,,,,,,,,,,,,,,,,,,,,,,,,2025-10-06T11:21:21.930749,4,-0.381895097626372,0.15070374292211103
sales,SALE0626,Narayanganj,Central,23.594547,90.499657,HomeAppliances,Air Conditioner,19613.0,94.0,1843622.0,2025-08-07,Small,3.7,,,,,,,,,,,,,,,,,,,,,,,,,,,,,2025-10-06T11:21:21.930749,4,0.743302320363647,0.0756863242670349
sales,SALE0627,Dhaka,Central,23.74778,90.448771,Clothing,Dress,1414.0,68.0,96152.0,2025-09-04,Medium,4.4,,,,,,,,,,,,,,,,,,,,,,,,,,,,,2025-10-06T11:21:21.930749,5,-0.6080040643334519,0.9494786139252884
sales,SALE0628,Khulna,West,22.822098,89.556253,Beauty,Sunscreen,831.0,64.0,53184.0,2025-02-15,Large,3.7,,,,,,,,,,,,,,,,,,,,,,,,,,,,,2025-10-06T11:21:21.930749,4,-0.6561814337118782,-0.21236397259830686
sales,SALE0629,Barishal,South,22.805986,90.338678,Electronics,Power Bank,82302.0,22.0,1810644.0,2025-04-01,Small,3.5,,,,,,,,,,,,,,,,,,,,,,,,,,,,,2025-10-06T11:21:21.930749,6,1.4493853784779462,-1.487415340817627
sales,SALE0630,Dhaka,Central,23.84751,90.401627,Furniture,Office Chair,42611.0,87.0,3707157.0,2025-08-08,Small,4.5,,,,,,,,,,,,,,,,,,,,,,,,,,,,,2025-10-06T11:21:21.930749,5,1.8850567166143046,1.1537923070536955
sales,SALE0631,Narail,West,23.134231,89.579278,Electronics,Smartphone,13772.0,2.0,27544.0,2025-06-03,Small,3.9,,,,,,,,,,,,,,,,,,,,,,,,,,,,,2025-10-06T11:21:21.930749,2,-0.9801413456964391,-0.7387577872589145
sales,SALE0632,Rangpur,North,25.650573,89.335651,HomeAppliances,Electric Fan,11835.0,23.0,272205.0,2025-09-18,Large,4.6,,,,,,,,,,,,,,,,,,,,,,,,,,,,,2025-10-06T11:21:21.930749,3,-0.7468581130024398,0.6509974454663232
sales,SALE0633,Kishoreganj,Central,24.334795,90.836856,Furniture,Wardrobe,53540.0,84.0,4497360.0,2025-03-06,Small,3.6,,,,,,,,,,,,,,,,,,,,,,,,,,,,,2025-10-06T11:21:21.930749,1,2.4308965233722173,-0.36944124224973135
sales,SALE0634,Kushtia,West,23.909614,89.065264,Furniture,Bed,52204.0,41.0,2140364.0,2025-05-21,Small,4.1,,,,,,,,,,,,,,,,,,,,,,,,,,,,,2025-10-06T11:21:21.930749,6,1.0659781753761963,-0.125375602641711
sales,SALE0635,Chattogram,Central,22.336548,91.824379,Electronics,Laptop,73803.0,87.0,6420861.0,2025-09-10,Small,3.4,,,,,,,,,,,,,,,,,,,,,,,,,,,,,2025-10-06T11:21:21.930749,1,3.6595435153188327,-0.743441666279129
sales,SALE0636,Bandarban,East,22.298822,92.126146,Grocery,Tea (250g),87.0,52.0,4524.0,2025-09-01,Medium,4.7,,,,,,,,,,,,,,,,,,,,,,,,,,,,,2025-10-06T11:21:21.930749,3,-0.8362493200271127,1.234141776828124
sales,SALE0637,Cox's Bazar,East,21.382261,91.925981,HomeAppliances,Blender,23449.0,12.0,281388.0,2024-12-27,Medium,3.0,,,,,,,,,,,,,,,,,,,,,,,,,,,,,2025-10-06T11:21:21.930749,2,-0.5427319560539181,-2.098284951484553
sales,SALE0638,Panchagarh,North,26.320544,88.605299,Sports,Cricket Bat,10054.0,73.0,733942.0,2025-05-04,Large,4.2,,,,,,,,,,,,,,,,,,,,,,,,,,,,,2025-10-06T11:21:21.930749,5,-0.11488942354341224,0.6519010012628856
sales,SALE0639,Feni,East,22.947441,91.409275,Clothing,Dress,1808.0,76.0,137408.0,2025-01-27,Small,4.5,,,,,,,,,,,,,,,,,,,,,,,,,,,,,2025-10-06T11:21:21.930749,5,-0.5088601062836434,1.2067195916549742
sales,SALE0640,Bogra,North,24.894344,89.341454,Furniture,Bookshelf,54838.0,32.0,1754816.0,2025-07-21,Small,4.9,,,,,,,,,,,,,,,,,,,,,,,,,,,,,2025-10-06T11:21:21.930749,6,0.8672110889192874,1.0180270292715359
sales,SALE0641,Chattogram,Central,22.226689,91.795137,Electronics,Smartphone,38539.0,70.0,2697730.0,2025-04-12,Large,4.7,,,,,,,,,,,,,,,,,,,,,,,,,,,,,2025-10-06T11:21:21.930749,5,1.2359365993686378,1.2728022591205461
sales,SALE0642,Manikganj,Central,23.921789,89.935737,Beauty,Perfume,2944.0,1.0,2944.0,2024-11-04,Medium,4.7,,,,,,,,,,,,,,,,,,,,,,,,,,,,,2025-10-06T11:21:21.930749,3,-1.2655489313663775,0.5823802273260774
sales,SALE0643,Feni,East,22.931071,91.429179,Grocery,Honey (500g),354.0,14.0,4956.0,2025-06-23,Large,5.0,,,,,,,,,,,,,,,,,,,,,,,,,,,,,2025-10-06T11:21:21.930749,3,-1.20594874825059,1.236574463834251
sales,SALE0644,Barishal,South,22.718384,90.324266,Electronics,Bluetooth Speaker,72491.0,8.0,579928.0,2025-07-26,Large,3.6,,,,,,,,,,,,,,,,,,,,,,,,,,,,,2025-10-06T11:21:21.930749,6,0.6181866853779636,-1.4607255974368871
sales,SALE0645,Dhaka,Central,23.776515,90.414549,Clothing,T-Shirt,1248.0,67.0,83616.0,2025-03-09,Large,4.8,,,,,,,,,,,,,,,,,,,,,,,,,,,,,2025-10-06T11:21:21.930749,5,-0.6376876984103271,1.5748073423579143
sales,SALE0646,Moulvibazar,East,24.428938,91.71815,Furniture,Bed,54014.0,11.0,594154.0,2024-12-13,Small,4.0,,,,,,,,,,,,,,,,,,,,,,,,,,,,,2025-10-06T11:21:21.930749,6,0.2259172405029794,-0.6840567686130116
sales,SALE0647,Sylhet,East,24.928869,91.799772,Electronics,Bluetooth Speaker,17808.0,76.0,1353408.0,2024-12-20,Small,3.9,,,,,,,,,,,,,,,,,,,,,,,,,,,,,2025-10-06T11:21:21.930749,4,0.33481715692691666,0.17484731087779032
sales,SALE0648,Chandpur,Central,23.14701,90.609346,Beauty,Face Cream,2139.0,38.0,81282.0,2025-05-26,Medium,4.9,,,,,,,,,,,,,,,,,,,,,,,,,,,,,2025-10-06T11:21:21.930749,3,-0.9017053535445229,1.367489011823274
sales,SALE0649,Rajshahi,West,24.34038,88.651824,Grocery,Milk Powder (400g),757.0,95.0,71915.0,2025-04-22,Medium,3.9,,,,,,,,,,,,,,,,,,,,,,,,,,,,,2025-10-06T11:21:21.930749,4,-0.35678381552223276,0.4932953505113717
sales,SALE0650,Rangpur,North,25.714024,89.360542,Sports,Cricket Bat,2947.0,26.0,76622.0,2025-07-29,Large,3.2,,,,,,,,,,,,,,,,,,,,,,,,,,,,,2025-10-06T11:21:21.930749,2,-0.9525433449510059,-1.493932409137006
sales,SALE0651,Bogra,North,24.854266,89.318204,Grocery,Rice (5kg),208.0,58.0,12064.0,2025-02-10,Medium,3.8,,,,,,,,,,,,,,,,,,,,,,,,,,,,,2025-10-06T11:21:21.930749,4,-0.74682778002332,-0.12489585826904757
sales,SALE0652,Sirajganj,North,24.47092,89.784096,Electronics,Camera,108969.0,27.0,2942163.0,2025-02-17,Medium,3.9,,,,,,,,,,,,,,,,,,,,,,,,,,,,,2025-10-06T11:21:21.930749,6,2.519991542749347,-0.9242144585526338
sales,SALE0653,Rangamati,East,22.665823,92.093115,Electronics,Laptop,19851.0,21.0,416871.0,2024-10-20,Medium,4.7,,,,,,,,,,,,,,,,,,,,,,,,,,,,,2025-10-06T11:21:21.930749,3,-0.5333610188208867,0.742443637260852
sales,SALE0654,Khulna,West,22.826401,89.555312,Grocery,Honey (500g),657.0,6.0,3942.0,2025-06-18,Medium,3.3,,,,,,,,,,,,,,,,,,,,,,,,,,,,,2025-10-06T11:21:21.930749,2,-1.2280772923947358,-1.5721409607676382
sales,SALE0655,Cox's Bazar,East,21.457536,91.994808,Clothing,Sunglasses,1316.0,46.0,60536.0,2025-03-18,Large,3.1,,,,,,,,,,,,,,,,,,,,,,,,,,,,,2025-10-06T11:21:21.930749,2,-0.7992112536385424,-1.394934799032923
sales,SALE0656,Netrokona,Central,24.867267,90.841013,Grocery,Sugar (1kg),306.0,23.0,7038.0,2025-09-21,Medium,4.7,,,,,,,,,,,,,,,,,,,,,,,,,,,,,2025-10-06T11:21:21.930749,3,-1.1106393013232165,0.8713339856325154
sales,SALE0657,Jhalokati,South,22.673296,90.225295,Grocery,Tea (250g),603.0,32.0,19296.0,2025-08-19,Medium,3.2,,,,,,,,,,,,,,,,,,,,,,,,,,,,,2025-10-06T11:21:21.930749,2,-0.969244124588122,-1.4067283990179782
sales,SALE0658,Sylhet,East,24.866985,91.802691,Beauty,Face Cream,1194.0,2.0,2388.0,2025-09-05,Small,3.3,,,,,,,,,,,,,,,,,,,,,,,,,,,,,2025-10-06T11:21:21.930749,2,-1.2552643529462244,-1.6250030574862795
sales,SALE0659,Rajshahi,West,24.385575,88.670836,Sports,Treadmill,12697.0,88.0,1117336.0,2024-11-18,Large,3.2,,,,,,,,,,,,,,,,,,,,,,,,,,,,,2025-10-06T11:21:21.930749,4,0.26537138913250446,-0.764370596376774
sales,SALE0660,Jamalpur,Central,24.89972,89.990124,Grocery,Tea (250g),305.0,10.0,3050.0,2025-09-25,Small,3.4,,,,,,,,,,,,,,,,,,,,,,,,,,,,,2025-10-06T11:21:21.930749,2,-1.200540459358689,-1.3610741760902143
sales,SALE0661,Rangpur,North,25.778677,89.326146,Electronics,Power Bank,114076.0,17.0,1939292.0,2025-08-20,Medium,3.2,,,,,,,,,,,,,,,,,,,,,,,,,,,,,2025-10-06T11:21:21.930749,6,2.173148653417804,-2.2018411936531814
sales,SALE0662,Rangpur,North,25.668006,89.253778,Electronics,Power Bank,14637.0,22.0,322014.0,2024-12-17,Medium,4.6,,,,,,,,,,,,,,,,,,,,,,,,,,,,,2025-10-06T11:21:21.930749,3,-0.674426798688007,0.6235364412225778
sales,SALE0663,Natore,North,24.445033,89.082986,Beauty,Lipstick,4264.0,4.0,17056.0,2025-03-25,Large,3.9,,,,,,,,,,,,,,,,,,,,,,,,,,,,,2025-10-06T11:21:21.930749,2,-1.1785207861503777,-0.6613763692349087
sales,SALE0664,Dhaka,Central,23.845241,90.437758,Clothing,Jacket,1179.0,24.0,28296.0,2025-05-19,Medium,3.9,,,,,,,,,,,,,,,,,,,,,,,,,,,,,2025-10-06T11:21:21.930749,2,-1.050242748504744,-0.3948208717959881
sales,SALE0665,Chattogram,Central,22.249233,91.849029,Beauty,Face Cream,483.0,79.0,38157.0,2024-11-23,Large,3.5,,,,,,,,,,,,,,,,,,,,,,,,,,,,,2025-10-06T11:21:21.930749,4,-0.5190635610141916,-0.34204640054106433
sales,SALE0666,Dhaka,Central,23.786358,90.360733,Beauty,Shampoo,4286.0,53.0,227158.0,2024-12-29,Medium,3.1,,,,,,,,,,,,,,,,,,,,,,,,,,,,,2025-10-06T11:21:21.930749,4,-0.6008362906434033,-1.322407841300233
sales,SALE0667,Khulna,West,22.898597,89.57732,Beauty,Shampoo,3337.0,18.0,60066.0,2025-03-06,Small,4.3,,,,,,,,,,,,,,,,,,,,,,,,,,,,,2025-10-06T11:21:21.930749,3,-1.0590093723184926,0.15575498798448167
sales,SALE0668,Sylhet,East,24.955497,91.884375,Grocery,Spice Mix,578.0,32.0,18496.0,2024-11-18,Large,4.6,,,,,,,,,,,,,,,,,,,,,,,,,,,,,2025-10-06T11:21:21.930749,3,-1.0102758213955843,0.8229207126511427
sales,SALE0669,Pirojpur,South,22.561536,89.988603,Electronics,Bluetooth Speaker,110487.0,92.0,10164804.0,2025-04-06,Medium,4.1,,,,,,,,,,,,,,,,,,,,,,,,,,,,,2025-10-06T11:21:21.930749,1,5.949702176280534,0.26806329661609224
sales,SALE0670,Jessore,West,23.118531,89.11884,Furniture,Bed,27546.0,73.0,2010858.0,2025-01-22,Medium,3.8,,,,,,,,,,,,,,,,,,,,,,,,,,,,,2025-10-06T11:21:21.930749,4,0.7799700375200137,-0.06910997846319893
sales,SALE0671,Dinajpur,North,25.601837,88.725324,Clothing,Jeans,406.0,41.0,16646.0,2024-12-05,Small,3.1,,,,,,,,,,,,,,,,,,,,,,,,,,,,,2025-10-06T11:21:21.930749,2,-0.8848376654267608,-1.4526896612842393
sales,SALE0672,Dhaka,Central,23.78351,90.310059,HomeAppliances,Blender,5839.0,61.0,356179.0,2025-01-08,Medium,4.5,,,,,,,,,,,,,,,,,,,,,,,,,,,,,2025-10-06T11:21:21.930749,5,-0.47924170299483493,0.9995658763098442
sales,SALE0673,Brahmanbaria,East,23.958905,91.067103,Clothing,Jeans,953.0,13.0,12389.0,2025-06-02,Large,3.5,,,,,,,,,,,,,,,,,,,,,,,,,,,,,2025-10-06T11:21:21.930749,2,-1.1562662488791302,-1.1679021625057626
sales,SALE0674,Khagrachhari,East,23.15587,92.05691,Grocery,Tea (250g),794.0,8.0,6352.0,2025-06-16,Large,4.7,,,,,,,,,,,,,,,,,,,,,,,,,,,,,2025-10-06T11:21:21.930749,3,-1.2449062884230564,0.6815841707815137
sales,SALE0675,Chattogram,Central,22.336227,91.798817,Clothing,Handbag,1890.0,46.0,86940.0,2025-07-10,Small,3.5,,,,,,,,,,,,,,,,,,,,,,,,,,,,,2025-10-06T11:21:21.930749,2,-0.7876484887783124,-0.7608397501470212
sales,SALE0676,Sylhet,East,24.912089,91.865781,Furniture,Sofa,57835.0,95.0,5494325.0,2024-10-14,Medium,4.8,,,,,,,,,,,,,,,,,,,,,,,,,,,,,2025-10-06T11:21:21.930749,1,2.982092514556489,1.6648932545689634
sales,SALE0677,Dhaka,Central,23.79878,90.357046,Clothing,T-Shirt,3181.0,90.0,286290.0,2025-04-09,Large,4.1,,,,,,,,,,,,,,,,,,,,,,,,,,,,,2025-10-06T11:21:21.930749,5,-0.2740591213295228,0.7381792060158808
sales,SALE0678,Jamalpur,Central,24.807691,89.894229,Grocery,Tea (250g),232.0,64.0,14848.0,2025-01-02,Medium,3.4,,,,,,,,,,,,,,,,,,,,,,,,,,,,,2025-10-06T11:21:21.930749,4,-0.6757560893445765,-0.6871878470095029
sales,SALE0679,Rangpur,North,25.739728,89.188221,Furniture,Office Chair,10915.0,8.0,87320.0,2025-06-09,Large,3.4,,,,,,,,,,,,,,,,,,,,,,,,,,,,,2025-10-06T11:21:21.930749,2,-0.9490662352617362,-1.443814056041545
sales,SALE0680,Sylhet,East,24.905263,91.872861,Furniture,Bookshelf,36325.0,1.0,36325.0,2025-04-20,Large,3.4,,,,,,,,,,,,,,,,,,,,,,,,,,,,,2025-10-06T11:21:21.930749,2,-0.4652364749775241,-1.672036325010446
sales,SALE0681,Saidpur,North,25.772666,88.983701,Electronics,Headphones,52663.0,92.0,4844996.0,2025-07-08,Medium,3.1,,,,,,,,,,,,,,,,,,,,,,,,,,,,,2025-10-06T11:21:21.930749,1,2.636322998492177,-1.0576456219736525
sales,SALE0682,Saidpur,North,25.735021,89.049784,Grocery,Cooking Oil (1L),640.0,91.0,58240.0,2025-07-26,Small,4.7,,,,,,,,,,,,,,,,,,,,,,,,,,,,,2025-10-06T11:21:21.930749,5,-0.4262727738043489,1.7179381636115307
sales,SALE0683,Dhaka,Central,23.85087,90.343604,Sports,Badminton Racket,2876.0,48.0,138048.0,2024-10-11,Large,3.8,,,,,,,,,,,,,,,,,,,,,,,,,,,,,2025-10-06T11:21:21.930749,2,-0.7351431801843469,-0.26308848612542185
sales,SALE0684,Natore,North,24.363873,89.02495,Grocery,Rice (5kg),384.0,39.0,14976.0,2025-04-24,Small,5.0,,,,,,,,,,,,,,,,,,,,,,,,,,,,,2025-10-06T11:21:21.930749,3,-0.959809243293271,1.54825150930906
sales,SALE0685,Saidpur,North,25.827574,89.020435,Beauty,Face Mask,3778.0,82.0,309796.0,2025-01-30,Large,3.6,,,,,,,,,,,,,,,,,,,,,,,,,,,,,2025-10-06T11:21:21.930749,4,-0.3145910664943845,-0.16090164418460798
sales,SALE0686,Chattogram,Central,22.409266,91.853375,Grocery,Honey (500g),615.0,89.0,54735.0,2024-11-26,Medium,3.4,,,,,,,,,,,,,,,,,,,,,,,,,,,,,2025-10-06T11:21:21.930749,4,-0.41021588639303974,-0.37716544684179454
sales,SALE0687,Barishal,South,22.624445,90.384355,Electronics,Headphones,57595.0,40.0,2303800.0,2024-10-19,Medium,3.3,,,,,,,,,,,,,,,,,,,,,,,,,,,,,2025-10-06T11:21:21.930749,6,1.263171548080299,-1.4400285970818518
sales,SALE0688,Mymensingh,Central,24.806218,90.359955,Sports,Dumbbell Set,558.0,90.0,50220.0,2024-12-17,Medium,4.7,,,,,,,,,,,,,,,,,,,,,,,,,,,,,2025-10-06T11:21:21.930749,5,-0.44085963081780755,1.7058420587603174
sales,SALE0689,Chattogram,Central,22.355722,91.772739,Grocery,Spice Mix,621.0,5.0,3105.0,2025-07-05,Large,3.6,,,,,,,,,,,,,,,,,,,,,,,,,,,,,2025-10-06T11:21:21.930749,2,-1.2474787341927913,-1.1066660000504174
sales,SALE0690,Dhaka,Central,23.803726,90.462063,HomeAppliances,Washing Machine,16476.0,82.0,1351032.0,2024-12-21,Small,4.9,,,,,,,,,,,,,,,,,,,,,,,,,,,,,2025-10-06T11:21:21.930749,5,0.3332703454918656,1.8495169638010671
sales,SALE0691,Sylhet,East,24.982379,91.951587,Clothing,Jeans,1656.0,96.0,158976.0,2025-08-28,Small,3.7,,,,,,,,,,,,,,,,,,,,,,,,,,,,,2025-10-06T11:21:21.930749,4,-0.28775052734434314,0.18315750482612153
sales,SALE0692,Tangail,Central,24.224851,89.935809,Furniture,Sofa,16002.0,82.0,1312164.0,2025-08-22,Large,4.3,,,,,,,,,,,,,,,,,,,,,,,,,,,,,2025-10-06T11:21:21.930749,5,0.32490695965690897,0.8962429543841735
sales,SALE0693,Chattogram,Central,22.317712,91.741768,Beauty,Face Mask,2950.0,58.0,171100.0,2025-10-01,Medium,3.4,,,,,,,,,,,,,,,,,,,,,,,,,,,,,2025-10-06T11:21:21.930749,4,-0.6126675268118857,-0.7754776593138536
sales,SALE0694,Sylhet,East,24.891541,91.825754,Furniture,Wardrobe,9442.0,45.0,424890.0,2025-05-28,Small,4.4,,,,,,,,,,,,,,,,,,,,,,,,,,,,,2025-10-06T11:21:21.930749,3,-0.5236534826094904,0.6215681800594024
sales,SALE0695,Jamalpur,Central,24.870997,89.964364,Grocery,Rice (5kg),435.0,57.0,24795.0,2025-03-06,Small,4.8,,,,,,,,,,,,,,,,,,,,,,,,,,,,,2025-10-06T11:21:21.930749,5,-0.7751905058702164,1.454019636742279
sales,SALE0696,Bandarban,East,22.224984,92.24832,Beauty,Lipstick,3302.0,45.0,148590.0,2024-12-31,Medium,3.2,,,,,,,,,,,,,,,,,,,,,,,,,,,,,2025-10-06T11:21:21.930749,2,-0.7333032930104925,-1.2582555322895155
sales,SALE0697,Barguna,South,22.174112,90.04574,Grocery,Milk Powder (400g),631.0,84.0,53004.0,2024-10-20,Small,3.3,,,,,,,,,,,,,,,,,,,,,,,,,,,,,2025-10-06T11:21:21.930749,4,-0.4559757795249535,-0.5988710802236257
sales,SALE0698,Chandpur,Central,23.195136,90.652276,HomeAppliances,Refrigerator,4189.0,38.0,159182.0,2025-09-26,Medium,3.5,,,,,,,,,,,,,,,,,,,,,,,,,,,,,2025-10-06T11:21:21.930749,2,-0.7855615020565971,-0.8725866141425249
sales,SALE0699,Rangpur,North,25.797549,89.417032,Sports,Football,2931.0,44.0,128964.0,2025-07-11,Medium,3.3,,,,,,,,,,,,,,,,,,,,,,,,,,,,,2025-10-06T11:21:21.930749,2,-0.7617099883558146,-1.1096182336798
sales,SALE0700,Sylhet,East,24.910091,91.911994,Clothing,T-Shirt,2540.0,12.0,30480.0,2025-04-16,Large,5.0,,,,,,,,,,,,,,,,,,,,,,,,,,,,,2025-10-06T11:21:21.930749,3,-1.1663502944762456,1.1998071956516223
sales,SALE0701,Kishoreganj,Central,24.36637,90.824875,Clothing,Dress,3185.0,4.0,12740.0,2025-02-28,Large,3.3,,,,,,,,,,,,,,,,,,,,,,,,,,,,,2025-10-06T11:21:21.930749,2,-1.1872146885515493,-1.6109641735486002
sales,SALE0702,Natore,North,24.519626,89.034001,Clothing,Dress,943.0,7.0,6601.0,2025-08-16,Medium,3.4,,,,,,,,,,,,,,,,,,,,,,,,,,,,,2025-10-06T11:21:21.930749,2,-1.213832869688698,-1.4019740812537334
sales,SALE0703,Barguna,South,22.122522,90.171575,Electronics,Tablet,61645.0,90.0,5548050.0,2024-12-27,Large,4.9,,,,,,,,,,,,,,,,,,,,,,,,,,,,,2025-10-06T11:21:21.930749,1,3.0371534220965994,1.7412727704594901
sales,SALE0704,Mymensingh,Central,24.751269,90.26482,Electronics,Smartwatch,94585.0,37.0,3499645.0,2025-05-07,Small,3.2,,,,,,,,,,,,,,,,,,,,,,,,,,,,,2025-10-06T11:21:21.930749,6,2.5274999121727513,-1.8292544619539364
sales,SALE0705,Dhaka,Central,23.785644,90.499118,Clothing,Dress,2641.0,71.0,187511.0,2025-01-28,Small,3.1,,,,,,,,,,,,,,,,,,,,,,,,,,,,,2025-10-06T11:21:21.930749,4,-0.47906326915062886,-1.0892546572851476
sales,SALE0706,Kushtia,West,23.894952,89.105714,Furniture,Office Chair,33023.0,12.0,396276.0,2025-05-09,Large,4.3,,,,,,,,,,,,,,,,,,,,,,,,,,,,,2025-10-06T11:21:21.930749,3,-0.32074943999394706,-0.07978870917548955
sales,SALE0707,Dhaka,Central,23.849819,90.432903,Furniture,Bed,18085.0,13.0,235105.0,2025-09-23,Small,3.3,,,,,,,,,,,,,,,,,,,,,,,,,,,,,2025-10-06T11:21:21.930749,2,-0.6799939403926746,-1.5788760398380948
sales,SALE0708,Manikganj,Central,23.843435,89.963266,Grocery,Sugar (1kg),123.0,61.0,7503.0,2025-08-08,Medium,4.6,,,,,,,,,,,,,,,,,,,,,,,,,,,,,2025-10-06T11:21:21.930749,5,-0.7444451886587177,1.1869486663719735
sales,SALE0709,Khulna,West,22.993055,89.614981,Furniture,Bed,37053.0,85.0,3149505.0,2025-05-24,Small,4.3,,,,,,,,,,,,,,,,,,,,,,,,,,,,,2025-10-06T11:21:21.930749,5,1.5324448295378472,0.8355358459118376
sales,SALE0710,Rajshahi,West,24.387693,88.656936,Clothing,Dress,1057.0,48.0,50736.0,2025-03-25,Medium,3.4,,,,,,,,,,,,,,,,,,,,,,,,,,,,,2025-10-06T11:21:21.930749,2,-0.798071540110379,-0.8909071044704832
sales,SALE0711,Khulna,West,22.839327,89.559973,Sports,Football,9127.0,57.0,520239.0,2025-02-10,Medium,3.5,,,,,,,,,,,,,,,,,,,,,,,,,,,,,2025-10-06T11:21:21.930749,4,-0.3523280474004601,-0.6593706147964024
sales,SALE0712,Rajshahi,West,24.35211,88.573016,Clothing,Jacket,2611.0,8.0,20888.0,2025-07-21,Large,4.3,,,,,,,,,,,,,,,,,,,,,,,,,,,,,2025-10-06T11:21:21.930749,3,-1.1870150389179976,0.03468128835592624
sales,SALE0713,Narayanganj,Central,23.628574,90.480888,Clothing,T-Shirt,3036.0,45.0,136620.0,2025-01-02,Medium,4.9,,,,,,,,,,,,,,,,,,,,,,,,,,,,,2025-10-06T11:21:21.930749,3,-0.7926462053147334,1.4503687325513586
sales,SALE0714,Pabna,North,24.021005,89.286411,Beauty,Sunscreen,2063.0,71.0,146473.0,2025-09-05,Medium,4.6,,,,,,,,,,,,,,,,,,,,,,,,,,,,,2025-10-06T11:21:21.930749,5,-0.5508411463986962,1.3023028929404248
sales,SALE0715,Barishal,South,22.724682,90.297917,Grocery,Milk Powder (400g),588.0,88.0,51744.0,2025-02-05,Large,4.8,,,,,,,,,,,,,,,,,,,,,,,,,,,,,2025-10-06T11:21:21.930749,5,-0.4617984879980982,1.8400032497185068
sales,SALE0716,Chattogram,Central,22.336032,91.765495,Grocery,Milk Powder (400g),346.0,11.0,3806.0,2025-03-18,Large,3.1,,,,,,,,,,,,,,,,,,,,,,,,,,,,,2025-10-06T11:21:21.930749,2,-1.1810577478270912,-1.8265775726302447
sales,SALE0717,Chattogram,Central,22.405691,91.838307,Electronics,Headphones,23765.0,97.0,2305205.0,2025-02-19,Small,4.9,,,,,,,,,,,,,,,,,,,,,,,,,,,,,2025-10-06T11:21:21.930749,5,1.0084073704570593,2.005743496277052
sales,SALE0718,Cox's Bazar,East,21.391721,91.93029,Electronics,Headphones,35772.0,25.0,894300.0,2025-08-03,Small,3.8,,,,,,,,,,,,,,,,,,,,,,,,,,,,,2025-10-06T11:21:21.930749,2,0.07223241253733072,-0.7241919944125166
sales,SALE0719,Dhaka,Central,23.931636,90.438478,Furniture,Wardrobe,33533.0,26.0,871858.0,2024-11-19,Small,4.7,,,,,,,,,,,,,,,,,,,,,,,,,,,,,2025-10-06T11:21:21.930749,3,-0.0028574248927455428,0.7336911448835741
sales,SALE0720,Sylhet,East,24.826019,91.834814,Electronics,Smartwatch,49910.0,94.0,4691540.0,2025-09-02,Small,3.8,,,,,,,,,,,,,,,,,,,,,,,,,,,,,2025-10-06T11:21:21.930749,1,2.5147811263180313,0.0957458344799932
sales,SALE0721,Chattogram,Central,22.407969,91.908507,Sports,Treadmill,18589.0,42.0,780738.0,2025-05-18,Large,3.9,,,,,,,,,,,,,,,,,,,,,,,,,,,,,2025-10-06T11:21:21.930749,2,-0.19610741478943697,-0.2591195116462248
sales,SALE0722,Barishal,South,22.794548,90.376877,Clothing,Handbag,350.0,90.0,31500.0,2024-11-21,Large,4.0,,,,,,,,,,,,,,,,,,,,,,,,,,,,,2025-10-06T11:21:21.930749,5,-0.4326403863017917,0.5920464715172977
sales,SALE0723,Natore,North,24.288213,89.080203,Electronics,Bluetooth Speaker,22748.0,54.0,1228392.0,2025-07-22,Small,4.1,,,,,,,,,,,,,,,,,,,,,,,,,,,,,2025-10-06T11:21:21.930749,5,0.17947708553946934,0.19047499235137244
sales,SALE0724,Gaibandha,North,25.199305,89.505141,Grocery,Tea (250g),142.0,14.0,1988.0,2024-12-22,Small,4.6,,,,,,,,,,,,,,,,,,,,,,,,,,,,,2025-10-06T11:21:21.930749,3,-1.200377725722393,0.6007112510541797
sales,SALE0725,Saidpur,North,25.755233,88.975514,Electronics,Camera,61856.0,34.0,2103104.0,2025-03-24,Large,4.0,,,,,,,,,,,,,,,,,,,,,,,,,,,,,2025-10-06T11:21:21.930749,6,1.2038062042896573,-0.4256264242207058
sales,SALE0726,Brahmanbaria,East,24.009623,91.085923,Furniture,Bookshelf,36001.0,5.0,180005.0,2025-07-10,Medium,3.8,,,,,,,,,,,,,,,,,,,,,,,,,,,,,2025-10-06T11:21:21.930749,2,-0.3901683909400597,-0.9819364284866665
sales,SALE0727,Chattogram,Central,22.341916,91.780188,Clothing,Shoes,2793.0,88.0,245784.0,2024-10-16,Medium,3.1,,,,,,,,,,,,,,,,,,,,,,,,,,,,,2025-10-06T11:21:21.930749,4,-0.2889730537669277,-0.8775311998880743
sales,SALE0728,Kishoreganj,Central,24.56434,90.716582,Electronics,Camera,98507.0,31.0,3053717.0,2025-09-11,Large,4.0,,,,,,,,,,,,,,,,,,,,,,,,,,,,,2025-10-06T11:21:21.930749,6,2.363490569748781,-0.6561595701194344
sales,SALE0729,Dinajpur,North,25.647332,88.738817,Grocery,Sugar (1kg),421.0,3.0,1263.0,2025-04-17,Medium,3.6,,,,,,,,,,,,,,,,,,,,,,,,,,,,,2025-10-06T11:21:21.930749,2,-1.2720102017346557,-1.1305184456740716
sales,SALE0730,Faridpur,Central,23.597344,89.906714,Beauty,Lipstick,1004.0,30.0,30120.0,2025-07-30,Medium,4.9,,,,,,,,,,,,,,,,,,,,,,,,,,,,,2025-10-06T11:21:21.930749,3,-1.024174648580983,1.273496275216521
sales,SALE0731,Rajshahi,West,24.297638,88.611921,HomeAppliances,Electric Fan,23028.0,35.0,805980.0,2025-03-07,Large,4.3,,,,,,,,,,,,,,,,,,,,,,,,,,,,,2025-10-06T11:21:21.930749,3,-0.1657821703609691,0.2663159222017225
sales,SALE0732,Lalmonirhat,North,25.876698,89.446189,Beauty,Face Cream,3818.0,28.0,106904.0,2025-03-12,Large,4.0,,,,,,,,,,,,,,,,,,,,,,,,,,,,,2025-10-06T11:21:21.930749,3,-0.9249624763463871,-0.19949539761762922
sales,SALE0733,Rangpur,North,25.741759,89.278681,Beauty,Sunscreen,3263.0,8.0,26104.0,2025-01-16,Small,3.1,,,,,,,,,,,,,,,,,,,,,,,,,,,,,2025-10-06T11:21:21.930749,2,-1.1359342025544321,-1.8798864447175283
sales,SALE0734,Dhaka,Central,23.852722,90.277687,Beauty,Face Mask,4351.0,52.0,226252.0,2025-07-29,Large,4.8,,,,,,,,,,,,,,,,,,,,,,,,,,,,,2025-10-06T11:21:21.930749,3,-0.6581570486025816,1.3720271419248726
sales,SALE0735,Habiganj,East,24.344665,91.429377,Electronics,Smartphone,30772.0,25.0,769300.0,2025-06-26,Small,3.5,,,,,,,,,,,,,,,,,,,,,,,,,,,,,2025-10-06T11:21:21.930749,2,-0.07952452015660537,-1.175553243828732
sales,SALE0736,Rangpur,North,25.650072,89.312383,Beauty,Lipstick,614.0,47.0,28858.0,2024-10-11,Small,3.5,,,,,,,,,,,,,,,,,,,,,,,,,,,,,2025-10-06T11:21:21.930749,2,-0.8289610108103544,-0.7418942323396687
sales,SALE0737,Chattogram,Central,22.325683,91.772128,Clothing,Handbag,2201.0,65.0,143065.0,2025-03-17,Large,4.8,,,,,,,,,,,,,,,,,,,,,,,,,,,,,2025-10-06T11:21:21.930749,5,-0.6127741190835105,1.5451907025817453
sales,SALE0738,Rangpur,North,25.788753,89.351693,Clothing,Sunglasses,425.0,31.0,13175.0,2025-03-30,Medium,4.2,,,,,,,,,,,,,,,,,,,,,,,,,,,,,2025-10-06T11:21:21.930749,3,-1.013946994268872,0.17423836164593973
sales,SALE0739,Sirajganj,North,24.482576,89.631739,Electronics,Headphones,70204.0,76.0,5335504.0,2024-12-28,Medium,3.7,,,,,,,,,,,,,,,,,,,,,,,,,,,,,2025-10-06T11:21:21.930749,1,3.047019901215115,-0.3937290112194155
sales,SALE0740,Comilla,East,23.49064,91.221,Electronics,Smartwatch,106167.0,89.0,9448863.0,2025-08-21,Medium,3.1,,,,,,,,,,,,,,,,,,,,,,,,,,,,,2025-10-06T11:21:21.930749,1,5.577423485972586,-1.3450853470447282
sales,SALE0741,Jessore,West,23.192864,89.287349,Electronics,Smartphone,29352.0,74.0,2172048.0,2025-06-19,Small,4.3,,,,,,,,,,,,,,,,,,,,,,,,,,,,,2025-10-06T11:21:21.930749,5,0.8777675803925991,0.7312342643518802
sales,SALE0742,Kishoreganj,Central,24.437491,90.867928,HomeAppliances,Air Conditioner,15548.0,35.0,544180.0,2024-11-07,Medium,4.0,,,,,,,,,,,,,,,,,,,,,,,,,,,,,2025-10-06T11:21:21.930749,2,-0.42579864549407703,-0.17269633646093763
sales,SALE0743,Dhaka,Central,23.880468,90.454374,Grocery,Spice Mix,738.0,2.0,1476.0,2025-02-06,Small,4.3,,,,,,,,,,,,,,,,,,,,,,,,,,,,,2025-10-06T11:21:21.930749,3,-1.2945502574586996,-0.02997853055453251
sales,SALE0744,Chattogram,Central,22.371729,91.810991,Furniture,Bookshelf,57485.0,2.0,114970.0,2025-06-14,Medium,4.2,,,,,,,,,,,,,,,,,,,,,,,,,,,,,2025-10-06T11:21:21.930749,6,0.02722195985201866,-0.501716554036616
sales,SALE0745,Pirojpur,South,22.664998,90.044293,HomeAppliances,Blender,44122.0,36.0,1588392.0,2025-03-04,Medium,4.7,,,,,,,,,,,,,,,,,,,,,,,,,,,,,2025-10-06T11:21:21.930749,6,0.6068786613935895,0.8069747272451497
sales,SALE0746,Panchagarh,North,26.278374,88.573876,Grocery,Milk Powder (400g),298.0,28.0,8344.0,2025-02-10,Medium,4.4,,,,,,,,,,,,,,,,,,,,,,,,,,,,,2025-10-06T11:21:21.930749,3,-1.053387740969214,0.4559857968201294
sales,SALE0747,Comilla,East,23.418318,91.141775,Grocery,Spice Mix,678.0,51.0,34578.0,2024-12-11,Small,3.0,,,,,,,,,,,,,,,,,,,,,,,,,,,,,2025-10-06T11:21:21.930749,4,-0.7723237750625422,-1.4885689890727174
sales,SALE0748,Khulna,West,22.827075,89.455966,Furniture,Wardrobe,29525.0,72.0,2125800.0,2024-11-09,Large,4.2,,,,,,,,,,,,,,,,,,,,,,,,,,,,,2025-10-06T11:21:21.930749,5,0.8474380102358048,0.5456286846465322
sales,SALE0749,Pirojpur,South,22.534612,90.071157,Clothing,Jacket,3103.0,14.0,43442.0,2025-02-02,Small,3.7,,,,,,,,,,,,,,,,,,,,,,,,,,,,,2025-10-06T11:21:21.930749,2,-1.0920973551825512,-0.8485037287523557
sales,SALE0750,Netrokona,Central,24.850408,90.784572,Grocery,Sugar (1kg),695.0,42.0,29190.0,2025-05-18,Medium,4.3,,,,,,,,,,,,,,,,,,,,,,,,,,,,,2025-10-06T11:21:21.930749,3,-0.8982868842841781,0.4693235110681292
sales,SALE0751,Brahmanbaria,East,23.975292,91.133195,Furniture,Wardrobe,24581.0,25.0,614525.0,2025-07-22,Large,4.5,,,,,,,,,,,,,,,,,,,,,,,,,,,,,2025-10-06T11:21:21.930749,3,-0.3067738987221203,0.4496398054595934
sales,SALE0752,Rajshahi,West,24.393461,88.567199,Furniture,Office Chair,57784.0,77.0,4449368.0,2025-03-14,Large,3.6,,,,,,,,,,,,,,,,,,,,,,,,,,,,,2025-10-06T11:21:21.930749,1,2.440196287975953,-0.4806598418262411
sales,SALE0753,Chattogram,Central,22.399309,91.709249,Grocery,Cooking Oil (1L),778.0,4.0,3112.0,2024-11-05,Medium,5.0,,,,,,,,,,,,,,,,,,,,,,,,,,,,,2025-10-06T11:21:21.930749,3,-1.2937750554446417,1.109515553583519
sales,SALE0754,Manikganj,Central,23.825161,90.034922,HomeAppliances,Blender,29431.0,52.0,1530412.0,2025-03-22,Large,3.1,,,,,,,,,,,,,,,,,,,,,,,,,,,,,2025-10-06T11:21:21.930749,4,0.45498875083738105,-1.4609162547777883
sales,SALE0755,Dhaka,Central,23.759872,90.294742,Grocery,Honey (500g),625.0,25.0,15625.0,2025-04-14,Large,4.4,,,,,,,,,,,,,,,,,,,,,,,,,,,,,2025-10-06T11:21:21.930749,3,-1.0722374107806032,0.4168416256297388
sales,SALE0756,Dhaka,Central,23.827783,90.318612,Furniture,Wardrobe,40037.0,82.0,3283034.0,2025-02-05,Large,3.7,,,,,,,,,,,,,,,,,,,,,,,,,,,,,2025-10-06T11:21:21.930749,4,1.6389937376703752,-0.17254824978405003
sales,SALE0757,Dhaka,Central,23.844257,90.394377,Grocery,Sugar (1kg),214.0,85.0,18190.0,2024-12-25,Small,3.6,,,,,,,,,,,,,,,,,,,,,,,,,,,,,2025-10-06T11:21:21.930749,4,-0.47765576990190056,-0.10668801626802144
sales,SALE0758,Panchagarh,North,26.346753,88.568969,Clothing,Dress,824.0,95.0,78280.0,2025-05-27,Large,4.6,,,,,,,,,,,,,,,,,,,,,,,,,,,,,2025-10-06T11:21:21.930749,5,-0.37291557242534606,1.607747642212604
sales,SALE0759,Sylhet,East,24.932739,91.905448,Grocery,Spice Mix,227.0,88.0,19976.0,2025-04-18,Large,3.2,,,,,,,,,,,,,,,,,,,,,,,,,,,,,2025-10-06T11:21:21.930749,4,-0.43620864765592815,-0.7063383272120551
sales,SALE0760,Lalmonirhat,North,25.865866,89.435355,Sports,Badminton Racket,7818.0,96.0,750528.0,2025-05-02,Medium,4.6,,,,,,,,,,,,,,,,,,,,,,,,,,,,,2025-10-06T11:21:21.930749,5,0.0520406836293437,1.5882321313346246
sales,SALE0761,Dhaka,Central,23.826993,90.498382,Clothing,Jacket,1822.0,34.0,61948.0,2024-12-11,Medium,3.9,,,,,,,,,,,,,,,,,,,,,,,,,,,,,2025-10-06T11:21:21.930749,2,-0.9262241193408337,-0.2733432773784365
sales,SALE0762,Khulna,West,22.876703,89.620036,Grocery,Rice (5kg),521.0,7.0,3647.0,2024-11-16,Large,4.2,,,,,,,,,,,,,,,,,,,,,,,,,,,,,2025-10-06T11:21:21.930749,3,-1.2474011576428772,-0.1256604046529435
sales,SALE0763,Satkhira,West,22.71934,89.135459,Electronics,Laptop,69894.0,25.0,1747350.0,2025-01-23,Small,4.7,,,,,,,,,,,,,,,,,,,,,,,,,,,,,2025-10-06T11:21:21.930749,6,1.1407963219096438,0.5289551409986392
sales,SALE0764,Narayanganj,Central,23.622665,90.562405,Grocery,Milk Powder (400g),582.0,39.0,22698.0,2025-03-09,Small,4.7,,,,,,,,,,,,,,,,,,,,,,,,,,,,,2025-10-06T11:21:21.930749,3,-0.9437882624455358,1.0694797997242373
sales,SALE0765,Bogra,North,24.832429,89.460505,Sports,Cricket Bat,5001.0,26.0,130026.0,2025-04-14,Medium,5.0,,,,,,,,,,,,,,,,,,,,,,,,,,,,,2025-10-06T11:21:21.930749,3,-0.9375152454008331,1.3617700790916047
sales,SALE0766,Natore,North,24.444993,88.996042,Clothing,Dress,886.0,41.0,36326.0,2025-07-06,Small,4.0,,,,,,,,,,,,,,,,,,,,,,,,,,,,,2025-10-06T11:21:21.930749,3,-0.8923129397227719,-0.021885063378730217
sales,SALE0767,Patuakhali,South,22.372582,90.192098,Sports,Dumbbell Set,6294.0,41.0,258054.0,2024-11-16,Small,3.0,,,,,,,,,,,,,,,,,,,,,,,,,,,,,2025-10-06T11:21:21.930749,2,-0.6569541046290928,-1.6420868504750892
sales,SALE0768,Chattogram,Central,22.388175,91.836314,Sports,Badminton Racket,7361.0,98.0,721378.0,2025-07-12,Large,4.5,,,,,,,,,,,,,,,,,,,,,,,,,,,,,2025-10-06T11:21:21.930749,5,0.05277620238545564,1.456156771984924
sales,SALE0769,Bogra,North,24.947708,89.336355,Electronics,Power Bank,110919.0,98.0,10870062.0,2025-08-22,Small,4.2,,,,,,,,,,,,,,,,,,,,,,,,,,,,,2025-10-06T11:21:21.930749,1,6.285313584119454,0.5067400970008393
sales,SALE0770,Pabna,North,24.098129,89.250222,Clothing,Sunglasses,2058.0,52.0,107016.0,2025-03-01,Medium,3.8,,,,,,,,,,,,,,,,,,,,,,,,,,,,,2025-10-06T11:21:21.930749,4,-0.7267826526496861,-0.2089966180155113
sales,SALE0771,Natore,North,24.382876,89.050882,Grocery,Rice (5kg),586.0,26.0,15236.0,2025-03-29,Small,4.8,,,,,,,,,,,,,,,,,,,,,,,,,,,,,2025-10-06T11:21:21.930749,3,-1.0750735792544353,1.0665284350227087
sales,SALE0772,Tangail,Central,24.278144,89.867211,Grocery,Spice Mix,583.0,25.0,14575.0,2025-09-27,Large,3.0,,,,,,,,,,,,,,,,,,,,,,,,,,,,,2025-10-06T11:21:21.930749,2,-1.0334217722371366,-1.8124555581397972
sales,SALE0773,Mymensingh,Central,24.733243,90.40054,Grocery,Honey (500g),294.0,29.0,8526.0,2024-10-16,Medium,3.6,,,,,,,,,,,,,,,,,,,,,,,,,,,,,2025-10-06T11:21:21.930749,2,-1.0207929248386152,-0.8055313439717242
sales,SALE0774,Dhaka,Central,23.888008,90.463739,HomeAppliances,Refrigerator,27136.0,65.0,1763840.0,2024-12-09,Medium,3.3,,,,,,,,,,,,,,,,,,,,,,,,,,,,,2025-10-06T11:21:21.930749,4,0.6129394409974677,-0.9653085928441228
sales,SALE0775,Faridpur,Central,23.602176,89.866788,Beauty,Perfume,2642.0,38.0,100396.0,2025-02-15,Large,4.0,,,,,,,,,,,,,,,,,,,,,,,,,,,,,2025-10-06T11:21:21.930749,3,-0.8572432990024947,-0.0683633916028748
sales,SALE0776,Comilla,East,23.472766,91.111839,Clothing,Shoes,1683.0,56.0,94248.0,2024-10-20,Small,3.7,,,,,,,,,,,,,,,,,,,,,,,,,,,,,2025-10-06T11:21:21.930749,4,-0.6985849707701688,-0.31642320289035514
sales,SALE0777,Sylhet,East,24.982674,91.963081,Sports,Treadmill,12271.0,97.0,1190287.0,2025-07-02,Small,4.9,,,,,,,,,,,,,,,,,,,,,,,,,,,,,2025-10-06T11:21:21.930749,5,0.3220205035787035,2.058207768763721
sales,SALE0778,Rajshahi,West,24.359903,88.597,Electronics,Bluetooth Speaker,10506.0,30.0,315180.0,2025-06-14,Large,5.0,,,,,,,,,,,,,,,,,,,,,,,,,,,,,2025-10-06T11:21:21.930749,3,-0.7040477264975675,1.383061937831998
sales,SALE0779,Dhaka,Central,23.753769,90.449863,Grocery,Cooking Oil (1L),791.0,3.0,2373.0,2024-12-09,Large,3.3,,,,,,,,,,,,,,,,,,,,,,,,,,,,,2025-10-06T11:21:21.930749,2,-1.2546623772691585,-1.610306288338079
sales,SALE0780,Nilphamari,North,25.964776,88.801741,Beauty,Shampoo,506.0,49.0,24794.0,2024-11-13,Medium,4.5,,,,,,,,,,,,,,,,,,,,,,,,,,,,,2025-10-06T11:21:21.930749,3,-0.8423067487985646,0.8761152898012273
sales,SALE0781,Khulna,West,22.858258,89.589521,Beauty,Sunscreen,598.0,77.0,46046.0,2025-09-12,Large,3.2,,,,,,,,,,,,,,,,,,,,,,,,,,,,,2025-10-06T11:21:21.930749,4,-0.5241732455477301,-0.84529723172183
sales,SALE0782,Moulvibazar,East,24.457479,91.771512,Clothing,Handbag,380.0,7.0,2660.0,2024-10-18,Small,3.8,,,,,,,,,,,,,,,,,,,,,,,,,,,,,2025-10-06T11:21:21.930749,2,-1.2394738838536576,-0.7618963521245676
sales,SALE0783,Moulvibazar,East,24.473007,91.738505,Beauty,Lipstick,1212.0,71.0,86052.0,2025-05-30,Medium,4.4,,,,,,,,,,,,,,,,,,,,,,,,,,,,,2025-10-06T11:21:21.930749,5,-0.5874275066732467,0.9879040149702022
sales,SALE0784,Dhaka,Central,23.801461,90.319583,Furniture,Table,50560.0,88.0,4449280.0,2024-11-18,Small,3.6,,,,,,,,,,,,,,,,,,,,,,,,,,,,,2025-10-06T11:21:21.930749,1,2.3841228732811452,-0.3035701576446654
sales,SALE0785,Sylhet,East,24.882091,91.85421,Electronics,Laptop,94832.0,67.0,6353744.0,2025-05-21,Large,4.2,,,,,,,,,,,,,,,,,,,,,,,,,,,,,2025-10-06T11:21:21.930749,1,3.890133475845606,0.16429195523772028
sales,SALE0786,Moulvibazar,East,24.480212,91.812066,HomeAppliances,Microwave,29448.0,14.0,412272.0,2025-01-18,Large,4.2,,,,,,,,,,,,,,,,,,,,,,,,,,,,,2025-10-06T11:21:21.930749,3,-0.3727538437196243,-0.19418470330080065
sales,SALE0787,Sylhet,East,24.83474,91.806177,HomeAppliances,Blender,9471.0,14.0,132594.0,2025-01-25,Small,4.2,,,,,,,,,,,,,,,,,,,,,,,,,,,,,2025-10-06T11:21:21.930749,3,-0.9290974297933258,-0.08655555910261704
sales,SALE0788,Sylhet,East,24.8564,91.790933,Electronics,Smartwatch,116986.0,67.0,7838062.0,2025-06-25,Medium,4.4,,,,,,,,,,,,,,,,,,,,,,,,,,,,,2025-10-06T11:21:21.930749,1,4.952185557761979,0.37508145830768214
sales,SALE0789,Pabna,North,24.029751,89.216555,Electronics,Smartwatch,29020.0,6.0,174120.0,2024-12-30,Medium,4.8,,,,,,,,,,,,,,,,,,,,,,,,,,,,,2025-10-06T11:21:21.930749,3,-0.5683412781394866,0.6615689256092188
sales,SALE0790,Dhaka,Central,23.808728,90.361594,Clothing,Sunglasses,2268.0,43.0,97524.0,2025-06-08,Small,3.0,,,,,,,,,,,,,,,,,,,,,,,,,,,,,2025-10-06T11:21:21.930749,2,-0.7897399874600561,-1.5964897589948626
sales,SALE0791,Khulna,West,22.827619,89.558366,Grocery,Rice (5kg),153.0,74.0,11322.0,2024-10-29,Medium,3.3,,,,,,,,,,,,,,,,,,,,,,,,,,,,,2025-10-06T11:21:21.930749,4,-0.57936932216532,-0.7213401853826481
sales,SALE0792,Bogra,North,24.86749,89.306457,Clothing,T-Shirt,3492.0,66.0,230472.0,2025-08-29,Large,4.4,,,,,,,,,,,,,,,,,,,,,,,,,,,,,2025-10-06T11:21:21.930749,5,-0.5290606807608378,0.9143872030025364
sales,SALE0793,Sylhet,East,24.89087,91.818717,Clothing,Jacket,2939.0,30.0,88170.0,2025-02-15,Medium,3.5,,,,,,,,,,,,,,,,,,,,,,,,,,,,,2025-10-06T11:21:21.930749,2,-0.918236685157161,-0.9661406676958623
sales,SALE0794,Khulna,West,22.839762,89.502167,Beauty,Perfume,1017.0,23.0,23391.0,2025-09-16,Medium,3.7,,,,,,,,,,,,,,,,,,,,,,,,,,,,,2025-10-06T11:21:21.930749,2,-1.0596939909726257,-0.724946660975146
sales,SALE0795,Mymensingh,Central,24.841628,90.428849,HomeAppliances,Air Conditioner,22493.0,55.0,1237115.0,2025-08-08,Small,4.7,,,,,,,,,,,,,,,,,,,,,,,,,,,,,2025-10-06T11:21:21.930749,5,0.16954756632043552,1.1599485924100117
sales,SALE0796,Feni,East,23.03969,91.29434,Beauty,Perfume,279.0,18.0,5022.0,2024-11-01,Large,3.3,,,,,,,,,,,,,,,,,,,,,,,,,,,,,2025-10-06T11:21:21.930749,2,-1.120181072406741,-1.4204043692500425
sales,SALE0797,Faridpur,Central,23.586056,89.884009,Sports,Badminton Racket,14843.0,80.0,1187440.0,2025-05-22,Large,3.2,,,,,,,,,,,,,,,,,,,,,,,,,,,,,2025-10-06T11:21:21.930749,4,0.26319898314889756,-0.8752931097912102
sales,SALE0798,Chattogram,Central,22.35428,91.885446,Clothing,Handbag,1703.0,24.0,40872.0,2025-08-09,Medium,3.8,,,,,,,,,,,,,,,,,,,,,,,,,,,,,2025-10-06T11:21:21.930749,2,-1.0307691084211417,-0.5568433825488681
sales,SALE0799,Comilla,East,23.508272,91.15891,Beauty,Lipstick,2426.0,50.0,121300.0,2024-10-18,Medium,4.6,,,,,,,,,,,,,,,,,,,,,,,,,,,,,2025-10-06T11:21:21.930749,3,-0.7553074806410075,1.0381826063582509
sales,SALE0800,Barishal,South,22.779144,90.33706,Clothing,Sunglasses,3929.0,22.0,86438.0,2025-08-10,Small,4.4,,,,,,,,,,,,,,,,,,,,,,,,,,,,,2025-10-06T11:21:21.930749,3,-0.9997891736573586,0.3618751506789494
sales,SALE0801,Dhaka,Central,23.905507,90.510058,Furniture,Office Chair,15446.0,14.0,216244.0,2025-03-07,Large,4.0,,,,,,,,,,,,,,,,,,,,,,,,,,,,,2025-10-06T11:21:21.930749,2,-0.7569608975093454,-0.43724948345176345
sales,SALE0802,Comilla,East,23.475481,91.089901,Grocery,Tea (250g),734.0,57.0,41838.0,2025-07-06,Large,3.8,,,,,,,,,,,,,,,,,,,,,,,,,,,,,2025-10-06T11:21:21.930749,4,-0.7332395258366642,-0.1399772489574347
sales,SALE0803,Rangpur,North,25.754739,89.209362,Grocery,Sugar (1kg),666.0,4.0,2664.0,2024-10-21,Large,4.9,,,,,,,,,,,,,,,,,,,,,,,,,,,,,2025-10-06T11:21:21.930749,3,-1.2935953801030513,0.9508787296293
sales,SALE0804,Chattogram,Central,22.326506,91.750853,Furniture,Table,36659.0,63.0,2309517.0,2025-08-10,Medium,3.9,,,,,,,,,,,,,,,,,,,,,,,,,,,,,2025-10-06T11:21:21.930749,4,0.9999286793964347,-0.08195702455291533
sales,SALE0805,Netrokona,Central,24.828057,90.746532,Furniture,Office Chair,22145.0,84.0,1860180.0,2025-04-29,Small,4.4,,,,,,,,,,,,,,,,,,,,,,,,,,,,,2025-10-06T11:21:21.930749,5,0.689835121214355,1.051919498554071
sales,SALE0806,Rangpur,North,25.708004,89.261369,HomeAppliances,Air Conditioner,36394.0,99.0,3603006.0,2024-12-15,Large,4.1,,,,,,,,,,,,,,,,,,,,,,,,,,,,,2025-10-06T11:21:21.930749,5,1.8327994358005268,0.6997490944231446
sales,SALE0807,Narayanganj,Central,23.583639,90.528733,Beauty,Face Mask,2971.0,67.0,199057.0,2025-01-12,Large,4.4,,,,,,,,,,,,,,,,,,,,,,,,,,,,,2025-10-06T11:21:21.930749,5,-0.5431666256220241,0.9294246864105025
sales,SALE0808,Pabna,North,24.02043,89.231531,Furniture,Office Chair,33367.0,85.0,2836195.0,2025-06-01,Medium,3.7,,,,,,,,,,,,,,,,,,,,,,,,,,,,,2025-10-06T11:21:21.930749,4,1.3465234862531452,-0.10270885361348667
sales,SALE0809,Sylhet,East,24.921641,91.942439,Furniture,Wardrobe,47035.0,50.0,2351750.0,2025-07-22,Large,4.8,,,,,,,,,,,,,,,,,,,,,,,,,,,,,2025-10-06T11:21:21.930749,6,1.097873098847195,1.132274404326121
sales,SALE0810,Chandpur,Central,23.128949,90.614923,Electronics,Smartphone,9526.0,83.0,790658.0,2025-07-18,Large,4.7,,,,,,,,,,,,,,,,,,,,,,,,,,,,,2025-10-06T11:21:21.930749,5,-0.022676173363993905,1.5763356100806816
sales,SALE0811,Dhaka,Central,23.763475,90.372433,Clothing,Handbag,2330.0,22.0,51260.0,2025-08-29,Medium,3.6,,,,,,,,,,,,,,,,,,,,,,,,,,,,,2025-10-06T11:21:21.930749,2,-1.0262814208684532,-0.9036476485458275
sales,SALE0812,Sylhet,East,24.782988,91.741458,Sports,Badminton Racket,9614.0,7.0,67298.0,2025-01-20,Small,4.1,,,,,,,,,,,,,,,,,,,,,,,,,,,,,2025-10-06T11:21:21.930749,3,-1.0157383014330092,-0.33453294750871965
sales,SALE0813,Satkhira,West,22.562625,89.040016,Electronics,Bluetooth Speaker,60858.0,31.0,1886598.0,2025-08-27,Medium,3.9,,,,,,,,,,,,,,,,,,,,,,,,,,,,,2025-10-06T11:21:21.930749,6,1.0721245635050294,-0.6189187626594106
sales,SALE0814,Saidpur,North,25.773688,89.0833,Sports,Yoga Mat,15183.0,12.0,182196.0,2025-01-24,Medium,3.6,,,,,,,,,,,,,,,,,,,,,,,,,,,,,2025-10-06T11:21:21.930749,2,-0.7837986286802582,-1.098078561088853
sales,SALE0815,Netrokona,Central,24.890363,90.605466,Electronics,Power Bank,105679.0,84.0,8877036.0,2025-09-27,Small,3.8,,,,,,,,,,,,,,,,,,,,,,,,,,,,,2025-10-06T11:21:21.930749,1,5.278498851281094,-0.29564881895771694
sales,SALE0816,Dinajpur,North,25.658713,88.868874,Sports,Football,18756.0,71.0,1331676.0,2025-10-06,Small,4.6,,,,,,,,,,,,,,,,,,,,,,,,,,,,,2025-10-06T11:21:21.930749,5,0.27937348550634195,1.221803408530052
sales,SALE0817,Dhaka,Central,23.706094,90.515982,Electronics,Smartwatch,74628.0,72.0,5373216.0,2025-06-23,Large,4.3,,,,,,,,,,,,,,,,,,,,,,,,,,,,,2025-10-06T11:21:21.930749,1,3.10505252775648,0.4878249061454022
sales,SALE0818,Faridpur,Central,23.597724,89.807846,Electronics,Camera,55624.0,7.0,389368.0,2025-06-14,Medium,3.7,,,,,,,,,,,,,,,,,,,,,,,,,,,,,2025-10-06T11:21:21.930749,6,0.15342026792546504,-1.222618419521866
sales,SALE0819,Sylhet,East,24.866408,91.888471,Electronics,Power Bank,101933.0,85.0,8664305.0,2025-04-03,Large,3.9,,,,,,,,,,,,,,,,,,,,,,,,,,,,,2025-10-06T11:21:21.930749,1,5.119429657131704,-0.10533524584729899
sales,SALE0820,Saidpur,North,25.77919,88.932196,Furniture,Office Chair,54762.0,85.0,4654770.0,2025-06-15,Small,3.7,,,,,,,,,,,,,,,,,,,,,,,,,,,,,2025-10-06T11:21:21.930749,1,2.5255930238957807,-0.2029124075205394
sales,SALE0821,Jhenaidah,West,23.515033,89.204807,Clothing,Handbag,2895.0,38.0,110010.0,2024-12-30,Large,3.7,,,,,,,,,,,,,,,,,,,,,,,,,,,,,2025-10-06T11:21:21.930749,2,-0.8392598210757471,-0.5474202945549369
sales,SALE0822,Feni,East,23.054275,91.520917,Furniture,Office Chair,8000.0,22.0,176000.0,2025-01-27,Small,4.6,,,,,,,,,,,,,,,,,,,,,,,,,,,,,2025-10-06T11:21:21.930749,3,-0.8796481332003226,0.6587677093113068
sales,SALE0823,Patuakhali,South,22.359103,90.395852,Clothing,Sunglasses,3255.0,53.0,172515.0,2025-08-13,Medium,4.2,,,,,,,,,,,,,,,,,,,,,,,,,,,,,2025-10-06T11:21:21.930749,5,-0.6765434254212299,0.4345128889845898
sales,SALE0824,Feni,East,23.010265,91.406149,Furniture,Table,12913.0,51.0,658563.0,2025-06-18,Medium,4.6,,,,,,,,,,,,,,,,,,,,,,,,,,,,,2025-10-06T11:21:21.930749,5,-0.3036771744105174,0.998024305612217
sales,SALE0825,Sunamganj,East,25.060889,91.412883,Grocery,Cooking Oil (1L),773.0,44.0,34012.0,2025-08-12,Medium,3.1,,,,,,,,,,,,,,,,,,,,,,,,,,,,,2025-10-06T11:21:21.930749,2,-0.8409279045139708,-1.4171364415823762
sales,SALE0826,Saidpur,North,25.843458,88.972668,Grocery,Honey (500g),728.0,76.0,55328.0,2025-08-04,Medium,3.9,,,,,,,,,,,,,,,,,,,,,,,,,,,,,2025-10-06T11:21:21.930749,4,-0.5474338910494758,0.2563660815140098
sales,SALE0827,Bandarban,East,22.155538,92.277318,Beauty,Sunscreen,4330.0,18.0,77940.0,2025-01-24,Small,4.1,,,,,,,,,,,,,,,,,,,,,,,,,,,,,2025-10-06T11:21:21.930749,3,-1.0240925384340704,-0.16805825635320054
sales,SALE0828,Khulna,West,22.889402,89.62866,Sports,Football,18628.0,56.0,1043168.0,2024-12-11,Medium,4.8,,,,,,,,,,,,,,,,,,,,,,,,,,,,,2025-10-06T11:21:21.930749,5,0.015016073301551204,1.3511061111698388
sales,SALE0829,Narail,West,23.136501,89.486227,Clothing,Handbag,1025.0,89.0,91225.0,2024-12-14,Small,4.5,,,,,,,,,,,,,,,,,,,,,,,,,,,,,2025-10-06T11:21:21.930749,5,-0.41854767984395985,1.3726954185060334
sales,SALE0830,Mymensingh,Central,24.799829,90.35201,Furniture,Table,11786.0,50.0,589300.0,2024-11-04,Large,4.2,,,,,,,,,,,,,,,,,,,,,,,,,,,,,2025-10-06T11:21:21.930749,3,-0.35378841118555093,0.35409061380205775
sales,SALE0831,Barguna,South,22.182024,90.10857,Furniture,Sofa,38037.0,50.0,1901850.0,2025-03-06,Large,4.8,,,,,,,,,,,,,,,,,,,,,,,,,,,,,2025-10-06T11:21:21.930749,5,0.7229141192023463,1.1775399174506604
sales,SALE0832,Dhaka,Central,23.826503,90.343639,Electronics,Tablet,43860.0,51.0,2236860.0,2025-04-14,Medium,3.9,,,,,,,,,,,,,,,,,,,,,,,,,,,,,2025-10-06T11:21:21.930749,6,1.0178901006678862,-0.27211079377863295
sales,SALE0833,Chattogram,Central,22.36116,91.603732,Sports,Cricket Bat,5027.0,53.0,266431.0,2024-12-02,Large,4.8,,,,,,,,,,,,,,,,,,,,,,,,,,,,,2025-10-06T11:21:21.930749,5,-0.6178732677711605,1.3811594462490482
sales,SALE0834,Sylhet,East,24.9552,91.915344,Clothing,Shoes,1524.0,90.0,137160.0,2024-12-30,Medium,4.4,,,,,,,,,,,,,,,,,,,,,,,,,,,,,2025-10-06T11:21:21.930749,5,-0.3771630090134233,1.2236116501354422
sales,SALE0835,Satkhira,West,22.652554,89.174842,Grocery,Tea (250g),687.0,28.0,19236.0,2025-06-26,Small,4.2,,,,,,,,,,,,,,,,,,,,,,,,,,,,,2025-10-06T11:21:21.930749,3,-1.034725886646796,0.1354413134449357
sales,SALE0836,Rangpur,North,25.800681,89.208822,Beauty,Shampoo,3028.0,87.0,263436.0,2025-07-31,Large,4.3,,,,,,,,,,,,,,,,,,,,,,,,,,,,,2025-10-06T11:21:21.930749,5,-0.3210041024126085,1.0198915852517187
sales,SALE0837,Sylhet,East,24.868451,91.805307,Furniture,Table,38023.0,70.0,2661610.0,2024-10-16,Large,3.6,,,,,,,,,,,,,,,,,,,,,,,,,,,,,2025-10-06T11:21:21.930749,4,1.2420282184032254,-0.47646912777581507
sales,SALE0838,Barishal,South,22.718625,90.319279,Beauty,Perfume,3085.0,72.0,222120.0,2025-02-03,Large,4.1,,,,,,,,,,,,,,,,,,,,,,,,,,,,,2025-10-06T11:21:21.930749,5,-0.47481966905870826,0.5136180419138913
sales,SALE0839,Jessore,West,23.074387,89.195882,Furniture,Wardrobe,51538.0,54.0,2783052.0,2024-10-26,Large,4.8,,,,,,,,,,,,,,,,,,,,,,,,,,,,,2025-10-06T11:21:21.930749,6,1.4033300231474648,1.1615450131496623
sales,SALE0840,Saidpur,North,25.845568,89.006345,Clothing,Shoes,1471.0,55.0,80905.0,2025-09-30,Large,3.2,,,,,,,,,,,,,,,,,,,,,,,,,,,,,2025-10-06T11:21:21.930749,4,-0.7037933801034769,-1.124110398229542
sales,SALE0841,Rajshahi,West,24.390774,88.636089,HomeAppliances,Electric Fan,11524.0,7.0,80668.0,2024-10-28,Small,3.4,,,,,,,,,,,,,,,,,,,,,,,,,,,,,2025-10-06T11:21:21.930749,2,-0.947598371228897,-1.4597154047174472
sales,SALE0842,Netrokona,Central,24.919925,90.750623,Grocery,Spice Mix,204.0,37.0,7548.0,2024-10-22,Medium,3.3,,,,,,,,,,,,,,,,,,,,,,,,,,,,,2025-10-06T11:21:21.930749,2,-0.9372669911791317,-1.1830397957005656
sales,SALE0843,Rangpur,North,25.737765,89.280802,Clothing,T-Shirt,3128.0,38.0,118864.0,2025-06-24,Large,3.1,,,,,,,,,,,,,,,,,,,,,,,,,,,,,2025-10-06T11:21:21.930749,2,-0.8134113321442542,-1.5041282513090595
sales,SALE0844,Bogra,North,24.92582,89.402827,Clothing,Handbag,2153.0,14.0,30142.0,2024-11-25,Large,4.5,,,,,,,,,,,,,,,,,,,,,,,,,,,,,2025-10-06T11:21:21.930749,3,-1.1415042091324363,0.4306253320447233
sales,SALE0845,Dhaka,Central,23.762704,90.417149,Grocery,Spice Mix,269.0,96.0,25824.0,2024-11-09,Large,3.8,,,,,,,,,,,,,,,,,,,,,,,,,,,,,2025-10-06T11:21:21.930749,4,-0.3729141926969764,0.34875355992095347
sales,SALE0846,Chattogram,Central,22.373609,91.773884,Grocery,Tea (250g),752.0,37.0,27824.0,2024-10-17,Large,3.1,,,,,,,,,,,,,,,,,,,,,,,,,,,,,2025-10-06T11:21:21.930749,2,-0.9114288063246261,-1.5043699257162961
sales,SALE0847,Netrokona,Central,24.78791,90.681677,Sports,Treadmill,13199.0,54.0,712746.0,2024-10-21,Medium,4.9,,,,,,,,,,,,,,,,,,,,,,,,,,,,,2025-10-06T11:21:21.930749,5,-0.25605824208528966,1.5121443544985316
sales,SALE0848,Dhaka,Central,23.78962,90.525761,Electronics,Smartphone,9699.0,96.0,931104.0,2025-05-31,Small,4.2,,,,,,,,,,,,,,,,,,,,,,,,,,,,,2025-10-06T11:21:21.930749,5,0.17512115258755875,0.9426222714212685
sales,SALE0849,Sylhet,East,24.919202,91.775862,Grocery,Spice Mix,493.0,29.0,14297.0,2024-11-16,Large,4.4,,,,,,,,,,,,,,,,,,,,,,,,,,,,,2025-10-06T11:21:21.930749,3,-1.0370549535164535,0.4674369075549464
sales,SALE0850,Rajshahi,West,24.358918,88.703648,Beauty,Shampoo,4677.0,95.0,444315.0,2024-12-02,Small,4.6,,,,,,,,,,,,,,,,,,,,,,,,,,,,,2025-10-06T11:21:21.930749,5,-0.1457847932596947,1.5900842290207788
sales,SALE0851,Rajshahi,West,24.33442,88.686403,Clothing,Jeans,1504.0,58.0,87232.0,2025-07-08,Large,3.1,,,,,,,,,,,,,,,,,,,,,,,,,,,,,2025-10-06T11:21:21.930749,4,-0.6687595577706316,-1.2460721569220121
sales,SALE0852,Chattogram,Central,22.280933,91.613271,Electronics,Headphones,104348.0,66.0,6886968.0,2025-08-06,Medium,3.1,,,,,,,,,,,,,,,,,,,,,,,,,,,,,2025-10-06T11:21:21.930749,1,4.330617785156421,-1.647244485895042
sales,SALE0853,Sherpur,Central,25.080013,89.99221,Furniture,Sofa,41477.0,34.0,1410218.0,2025-08-01,Small,4.2,,,,,,,,,,,,,,,,,,,,,,,,,,,,,2025-10-06T11:21:21.930749,6,0.4740397852810263,-0.0013709617318256786
sales,SALE0854,Netrokona,Central,24.789813,90.709989,Clothing,Jacket,323.0,43.0,13889.0,2025-02-10,Large,4.9,,,,,,,,,,,,,,,,,,,,,,,,,,,,,2025-10-06T11:21:21.930749,3,-0.9200698424482443,1.439205451112325
sales,SALE0855,Barguna,South,22.159521,90.146953,Electronics,Smartphone,28146.0,42.0,1182132.0,2024-12-05,Small,4.5,,,,,,,,,,,,,,,,,,,,,,,,,,,,,2025-10-06T11:21:21.930749,3,0.15557807576760602,0.6475526917223545
sales,SALE0856,Jessore,West,23.045584,89.160505,Electronics,Smartwatch,72297.0,74.0,5349978.0,2024-12-29,Medium,3.1,,,,,,,,,,,,,,,,,,,,,,,,,,,,,2025-10-06T11:21:21.930749,1,3.097498225454611,-1.3855999972744626
sales,SALE0857,Chattogram,Central,22.359849,91.810012,Grocery,Honey (500g),365.0,68.0,24820.0,2025-06-16,Small,4.0,,,,,,,,,,,,,,,,,,,,,,,,,,,,,2025-10-06T11:21:21.930749,5,-0.6474920010302535,0.31756307428722463
sales,SALE0858,Sirajganj,North,24.401863,89.687603,Electronics,Headphones,62516.0,70.0,4376120.0,2025-01-05,Medium,3.2,,,,,,,,,,,,,,,,,,,,,,,,,,,,,2025-10-06T11:21:21.930749,1,2.46224136437592,-1.2318312472723651
sales,SALE0859,Dinajpur,North,25.603973,88.646753,Sports,Cricket Bat,7491.0,85.0,636735.0,2025-04-20,Medium,3.7,,,,,,,,,,,,,,,,,,,,,,,,,,,,,2025-10-06T11:21:21.930749,4,-0.07949209477236722,0.01848147874916336
sales,SALE0860,Rajshahi,West,24.421554,88.603925,Grocery,Cooking Oil (1L),673.0,68.0,45764.0,2025-02-05,Large,4.6,,,,,,,,,,,,,,,,,,,,,,,,,,,,,2025-10-06T11:21:21.930749,5,-0.6497411874538438,1.2715767195278131
sales,SALE0861,Manikganj,Central,23.791416,89.957434,Grocery,Honey (500g),49.0,15.0,735.0,2024-10-29,Medium,3.9,,,,,,,,,,,,,,,,,,,,,,,,,,,,,2025-10-06T11:21:21.930749,2,-1.1732028188174202,-0.5010769142417066
sales,SALE0862,Dhaka,Central,23.897047,90.361094,Clothing,Sunglasses,2813.0,80.0,225040.0,2025-06-04,Small,4.4,,,,,,,,,,,,,,,,,,,,,,,,,,,,,2025-10-06T11:21:21.930749,5,-0.41109993701467384,1.0926621647168495
sales,SALE0863,Kushtia,West,23.848793,89.098759,Electronics,Camera,57987.0,15.0,869805.0,2025-03-23,Medium,4.1,,,,,,,,,,,,,,,,,,,,,,,,,,,,,2025-10-06T11:21:21.930749,6,0.4568321809517544,-0.4941494508077767
sales,SALE0864,Chattogram,Central,22.352231,91.75144,Beauty,Shampoo,402.0,67.0,26934.0,2025-03-29,Large,4.6,,,,,,,,,,,,,,,,,,,,,,,,,,,,,2025-10-06T11:21:21.930749,5,-0.6727261038495149,1.2604179138008245
sales,SALE0865,Chattogram,Central,22.281176,91.802496,Beauty,Lipstick,4187.0,6.0,25122.0,2025-05-08,Large,3.4,,,,,,,,,,,,,,,,,,,,,,,,,,,,,2025-10-06T11:21:21.930749,2,-1.1434810783276994,-1.4321881001445815
sales,SALE0866,Cox's Bazar,East,21.438463,92.047363,HomeAppliances,Washing Machine,7396.0,13.0,96148.0,2025-07-13,Large,4.1,,,,,,,,,,,,,,,,,,,,,,,,,,,,,2025-10-06T11:21:21.930749,3,-0.9965201798675015,-0.247170617130699
sales,SALE0867,Dinajpur,North,25.643416,88.731211,Clothing,Sunglasses,568.0,27.0,15336.0,2024-10-28,Large,4.5,,,,,,,,,,,,,,,,,,,,,,,,,,,,,2025-10-06T11:21:21.930749,3,-1.0571686995438538,0.6013445960024951
sales,SALE0868,Pabna,North,24.038758,89.283182,Clothing,Handbag,3107.0,55.0,170885.0,2025-08-14,Small,4.1,,,,,,,,,,,,,,,,,,,,,,,,,,,,,2025-10-06T11:21:21.930749,5,-0.658297189413654,0.3010027736928782
sales,SALE0869,Dhaka,Central,23.870327,90.420922,Beauty,Face Mask,3765.0,83.0,312495.0,2025-08-31,Large,4.4,,,,,,,,,,,,,,,,,,,,,,,,,,,,,2025-10-06T11:21:21.930749,5,-0.32713233277178877,1.125677496993669
sales,SALE0870,Barishal,South,22.691708,90.3721,Clothing,T-Shirt,2180.0,92.0,200560.0,2025-04-20,Small,3.2,,,,,,,,,,,,,,,,,,,,,,,,,,,,,2025-10-06T11:21:21.930749,4,-0.2843231400577758,-0.6654616659496162
sales,SALE0871,Sherpur,Central,24.922445,90.028615,Clothing,T-Shirt,1029.0,33.0,33957.0,2024-12-25,Small,4.1,,,,,,,,,,,,,,,,,,,,,,,,,,,,,2025-10-06T11:21:21.930749,3,-0.9701953057588885,0.03679459206072393
sales,SALE0872,Narayanganj,Central,23.605477,90.524877,Clothing,Jeans,1359.0,53.0,72027.0,2025-03-22,Medium,4.3,,,,,,,,,,,,,,,,,,,,,,,,,,,,,2025-10-06T11:21:21.930749,5,-0.7606050066764479,0.6032458808070422
sales,SALE0873,Jamalpur,Central,24.952086,89.985013,Clothing,Dress,1595.0,3.0,4785.0,2025-03-21,Large,3.2,,,,,,,,,,,,,,,,,,,,,,,,,,,,,2025-10-06T11:21:21.930749,2,-1.2327984969639845,-1.7739770214269452
sales,SALE0874,Bandarban,East,22.164655,92.271333,Clothing,T-Shirt,2927.0,93.0,272211.0,2024-11-24,Small,4.5,,,,,,,,,,,,,,,,,,,,,,,,,,,,,2025-10-06T11:21:21.930749,5,-0.267653994685061,1.413857918114779
sales,SALE0875,Narail,West,23.249174,89.564237,Electronics,Smartphone,99866.0,10.0,998660.0,2025-04-06,Large,3.2,,,,,,,,,,,,,,,,,,,,,,,,,,,,,2025-10-06T11:21:21.930749,6,1.4249864779842487,-2.2199266202204186
sales,SALE0876,Brahmanbaria,East,23.902043,91.134343,Electronics,Smartwatch,87503.0,12.0,1050036.0,2025-05-15,Medium,3.8,,,,,,,,,,,,,,,,,,,,,,,,,,,,,2025-10-06T11:21:21.930749,6,1.1689840338294555,-1.170645411039259
sales,SALE0877,Khulna,West,22.787511,89.523312,Grocery,Spice Mix,716.0,4.0,2864.0,2025-02-06,Small,4.1,,,,,,,,,,,,,,,,,,,,,,,,,,,,,2025-10-06T11:21:21.930749,3,-1.2694447859443465,-0.3234064022585124
sales,SALE0878,Chattogram,Central,22.376349,91.798288,Clothing,Jeans,3358.0,51.0,171258.0,2024-12-31,Medium,4.9,,,,,,,,,,,,,,,,,,,,,,,,,,,,,2025-10-06T11:21:21.930749,3,-0.7141220298061465,1.5237511574638232
sales,SALE0879,Dhaka,Central,23.862735,90.511824,Clothing,Jeans,1520.0,87.0,132240.0,2024-11-09,Medium,4.9,,,,,,,,,,,,,,,,,,,,,,,,,,,,,2025-10-06T11:21:21.930749,5,-0.4224799256239062,1.9824324896276062
sales,SALE0880,Chattogram,Central,22.38146,91.761718,Furniture,Office Chair,41275.0,72.0,2971800.0,2025-07-26,Small,3.1,,,,,,,,,,,,,,,,,,,,,,,,,,,,,2025-10-06T11:21:21.930749,4,1.467883807987817,-1.262682229978035
sales,SALE0881,Patuakhali,South,22.258732,90.397198,Clothing,Shoes,2743.0,51.0,139893.0,2025-01-04,Large,4.9,,,,,,,,,,,,,,,,,,,,,,,,,,,,,2025-10-06T11:21:21.930749,3,-0.7399860504580756,1.5268388890540125
sales,SALE0882,Dhaka,Central,23.805838,90.410246,Grocery,Sugar (1kg),255.0,96.0,24480.0,2025-04-13,Small,3.8,,,,,,,,,,,,,,,,,,,,,,,,,,,,,2025-10-06T11:21:21.930749,4,-0.37374485500794785,0.3488176016571203
sales,SALE0883,Bogra,North,24.852066,89.39328,Clothing,Sunglasses,3787.0,66.0,249942.0,2025-07-26,Small,3.4,,,,,,,,,,,,,,,,,,,,,,,,,,,,,2025-10-06T11:21:21.930749,4,-0.48626775223466445,-0.6795635066817707
sales,SALE0884,Sylhet,East,24.918574,91.852642,Grocery,Tea (250g),298.0,25.0,7450.0,2025-08-09,Small,4.3,,,,,,,,,,,,,,,,,,,,,,,,,,,,,2025-10-06T11:21:21.930749,3,-1.0798564020419235,0.25931636574878486
sales,SALE0885,Rangpur,North,25.738945,89.239031,Grocery,Tea (250g),95.0,97.0,9215.0,2024-12-29,Medium,4.3,,,,,,,,,,,,,,,,,,,,,,,,,,,,,2025-10-06T11:21:21.930749,5,-0.3878807563869868,1.1582769320521888
sales,SALE0886,Faridpur,Central,23.564619,89.79057,Beauty,Perfume,2581.0,86.0,221966.0,2025-09-02,Medium,3.2,,,,,,,,,,,,,,,,,,,,,,,,,,,,,2025-10-06T11:21:21.930749,4,-0.32508063466939924,-0.7422839279143225
sales,SALE0887,Netrokona,Central,24.877767,90.679501,Sports,Dumbbell Set,19524.0,63.0,1230012.0,2025-04-20,Medium,3.3,,,,,,,,,,,,,,,,,,,,,,,,,,,,,2025-10-06T11:21:21.930749,4,0.2175757952774192,-0.9534746496301687
sales,SALE0888,Rajshahi,West,24.218251,88.601611,Beauty,Face Mask,2121.0,13.0,27573.0,2025-05-14,Large,3.1,,,,,,,,,,,,,,,,,,,,,,,,,,,,,2025-10-06T11:21:21.930749,2,-1.1127117746301953,-1.8112119201988426
sales,SALE0889,Rajshahi,West,24.301729,88.630665,Clothing,Jeans,1601.0,63.0,100863.0,2025-02-18,Medium,4.2,,,,,,,,,,,,,,,,,,,,,,,,,,,,,2025-10-06T11:21:21.930749,5,-0.6445787542446999,0.5676404895229841
sales,SALE0890,Narayanganj,Central,23.579875,90.527054,Beauty,Shampoo,4985.0,20.0,99700.0,2024-12-21,Large,3.7,,,,,,,,,,,,,,,,,,,,,,,,,,,,,2025-10-06T11:21:21.930749,2,-0.9702128872603456,-0.7835282244090781
sales,SALE0891,Dhaka,Central,23.752582,90.30739,Furniture,Sofa,33069.0,22.0,727518.0,2025-10-04,Medium,3.5,,,,,,,,,,,,,,,,,,,,,,,,,,,,,2025-10-06T11:21:21.930749,2,-0.07293825600221607,-1.2260712061464805
sales,SALE0892,Brahmanbaria,East,23.961869,91.075042,Electronics,Tablet,101349.0,95.0,9628155.0,2024-11-12,Medium,3.6,,,,,,,,,,,,,,,,,,,,,,,,,,,,,2025-10-06T11:21:21.930749,1,5.581627649735779,-0.4456053504033407
sales,SALE0893,Natore,North,24.354143,89.126562,Furniture,Sofa,13801.0,87.0,1200687.0,2025-04-20,Medium,3.9,,,,,,,,,,,,,,,,,,,,,,,,,,,,,2025-10-06T11:21:21.930749,4,0.29243905884824556,0.33264449320967926
sales,SALE0894,Panchagarh,North,26.279889,88.504854,Beauty,Shampoo,2702.0,63.0,170226.0,2024-12-28,Small,3.4,,,,,,,,,,,,,,,,,,,,,,,,,,,,,2025-10-06T11:21:21.930749,4,-0.5702530067084745,-0.7117670622206304
sales,SALE0895,Barishal,South,22.749766,90.384438,Furniture,Bookshelf,10372.0,36.0,373392.0,2025-07-27,Large,3.4,,,,,,,,,,,,,,,,,,,,,,,,,,,,,2025-10-06T11:21:21.930749,2,-0.580820228638252,-1.0888233368643487
sales,SALE0896,Pabna,North,23.944817,89.230153,Beauty,Face Mask,826.0,94.0,77644.0,2025-08-29,Small,4.7,,,,,,,,,,,,,,,,,,,,,,,,,,,,,2025-10-06T11:21:21.930749,5,-0.3856483044233025,1.7545118917802829
sales,SALE0897,Jamalpur,Central,24.840161,90.003622,Clothing,Sunglasses,427.0,75.0,32025.0,2024-12-14,Medium,4.5,,,,,,,,,,,,,,,,,,,,,,,,,,,,,2025-10-06T11:21:21.930749,5,-0.5900230101013739,1.2008368021679259
sales,SALE0898,Dhaka,Central,23.854948,90.522277,Sports,Cricket Bat,1701.0,71.0,120771.0,2025-05-26,Large,4.8,,,,,,,,,,,,,,,,,,,,,,,,,,,,,2025-10-06T11:21:21.930749,5,-0.5745824892632346,1.6225512811598422
sales,SALE0899,Nilphamari,North,26.047383,88.812941,Furniture,Bookshelf,35939.0,84.0,3018876.0,2025-07-22,Medium,3.8,,,,,,,,,,,,,,,,,,,,,,,,,,,,,2025-10-06T11:21:21.930749,4,1.4619331041912733,0.031670357299588524
sales,SALE0900,Barishal,South,22.736636,90.240511,Clothing,Handbag,2715.0,94.0,255210.0,2025-05-11,Small,3.9,,,,,,,,,,,,,,,,,,,,,,,,,,,,,2025-10-06T11:21:21.930749,4,-0.25206867635509456,0.471822572674039
sales,SALE0901,Lalmonirhat,North,25.925959,89.475527,Furniture,Bookshelf,10934.0,51.0,557634.0,2025-04-03,Large,3.0,,,,,,,,,,,,,,,,,,,,,,,,,,,,,2025-10-06T11:21:21.930749,4,-0.3410044322882582,-1.5400613064531792
sales,SALE0902,Netrokona,Central,24.835684,90.69268,Grocery,Cooking Oil (1L),668.0,88.0,58784.0,2025-07-14,Large,3.3,,,,,,,,,,,,,,,,,,,,,,,,,,,,,2025-10-06T11:21:21.930749,4,-0.4142661204043659,-0.5491392823931589
sales,SALE0903,Satkhira,West,22.74502,89.097074,Furniture,Table,16740.0,73.0,1222020.0,2024-12-21,Large,4.7,,,,,,,,,,,,,,,,,,,,,,,,,,,,,2025-10-06T11:21:21.930749,5,0.20842443907168431,1.4160481330048962
sales,SALE0904,Rajshahi,West,24.446961,88.715494,Grocery,Cooking Oil (1L),793.0,94.0,74542.0,2025-02-01,Medium,3.1,,,,,,,,,,,,,,,,,,,,,,,,,,,,,2025-10-06T11:21:21.930749,4,-0.3416807368157598,-0.7933580790105874
sales,SALE0905,Brahmanbaria,East,23.883869,91.068533,Grocery,Spice Mix,539.0,30.0,16170.0,2025-09-04,Medium,3.7,,,,,,,,,,,,,,,,,,,,,,,,,,,,,2025-10-06T11:21:21.930749,2,-1.0055559471968565,-0.6350884387402334
sales,SALE0906,Satkhira,West,22.647493,89.11545,Furniture,Office Chair,48816.0,27.0,1318032.0,2025-01-14,Medium,3.8,,,,,,,,,,,,,,,,,,,,,,,,,,,,,2025-10-06T11:21:21.930749,6,0.5474031458079717,-0.7671377707081357
sales,SALE0907,Dinajpur,North,25.647488,88.574028,HomeAppliances,Electric Fan,5043.0,6.0,30258.0,2024-11-08,Medium,3.2,,,,,,,,,,,,,,,,,,,,,,,,,,,,,2025-10-06T11:21:21.930749,2,-1.1165339136088284,-1.755370544462946
sales,SALE0908,Sherpur,Central,24.977657,90.094977,Electronics,Smartwatch,117428.0,95.0,11155660.0,2025-05-25,Large,4.1,,,,,,,,,,,,,,,,,,,,,,,,,,,,,2025-10-06T11:21:21.930749,1,6.515125980523387,0.27693999452506335
sales,SALE0909,Comilla,East,23.439805,91.059352,Sports,Cricket Bat,12842.0,84.0,1078728.0,2025-03-27,Medium,4.2,,,,,,,,,,,,,,,,,,,,,,,,,,,,,2025-10-06T11:21:21.930749,5,0.18646007094154865,0.7770796959365909
sales,SALE0910,Dhaka,Central,23.756757,90.527185,Electronics,Laptop,75720.0,33.0,2498760.0,2025-03-28,Small,4.0,,,,,,,,,,,,,,,,,,,,,,,,,,,,,2025-10-06T11:21:21.930749,6,1.6576316263267774,-0.5107915925431114
sales,SALE0911,Jessore,West,23.220372,89.124705,Electronics,Camera,115116.0,45.0,5180220.0,2025-01-30,Medium,4.8,,,,,,,,,,,,,,,,,,,,,,,,,,,,,2025-10-06T11:21:21.930749,1,3.665584604843546,0.7217277407239702
sales,SALE0912,Habiganj,East,24.384236,91.472975,Electronics,Smartphone,73776.0,18.0,1327968.0,2025-02-23,Small,3.5,,,,,,,,,,,,,,,,,,,,,,,,,,,,,2025-10-06T11:21:21.930749,6,1.0337908784310936,-1.494962349288522
sales,SALE0913,Narayanganj,Central,23.52677,90.563224,Clothing,Shoes,2935.0,36.0,105660.0,2025-06-20,Small,3.4,,,,,,,,,,,,,,,,,,,,,,,,,,,,,2025-10-06T11:21:21.930749,2,-0.8507542011830763,-1.0503780197978418
sales,SALE0914,Jhalokati,South,22.662065,90.156011,Clothing,Jacket,2765.0,92.0,254380.0,2025-08-07,Large,3.5,,,,,,,,,,,,,,,,,,,,,,,,,,,,,2025-10-06T11:21:21.930749,4,-0.25911805330845056,-0.19040685641207789
sales,SALE0915,Khulna,West,22.875762,89.55819,Grocery,Spice Mix,378.0,93.0,35154.0,2025-08-09,Medium,4.4,,,,,,,,,,,,,,,,,,,,,,,,,,,,,2025-10-06T11:21:21.930749,5,-0.41308904691334386,1.2663425795973646
sales,SALE0916,Kishoreganj,Central,24.451681,90.792185,Grocery,Milk Powder (400g),255.0,76.0,19380.0,2025-07-16,Large,4.7,,,,,,,,,,,,,,,,,,,,,,,,,,,,,2025-10-06T11:21:21.930749,5,-0.5948163615634267,1.5326343882570224
sales,SALE0917,Khulna,West,22.801547,89.497567,Electronics,Smartphone,39938.0,6.0,239628.0,2025-08-02,Large,4.2,,,,,,,,,,,,,,,,,,,,,,,,,,,,,2025-10-06T11:21:21.930749,3,-0.2806067066304126,-0.3536278057356315
sales,SALE0918,Kushtia,West,23.896994,89.12526,Grocery,Cooking Oil (1L),684.0,66.0,45144.0,2025-09-16,Large,3.3,,,,,,,,,,,,,,,,,,,,,,,,,,,,,2025-10-06T11:21:21.930749,4,-0.6317675461102075,-0.8236972326258442
sales,SALE0919,Jamalpur,Central,24.933271,90.066473,Clothing,Jeans,1357.0,24.0,32568.0,2025-01-15,Medium,4.2,,,,,,,,,,,,,,,,,,,,,,,,,,,,,2025-10-06T11:21:21.930749,3,-1.0532084513054027,0.08199182571169693
sales,SALE0920,Rajshahi,West,24.375172,88.662889,Electronics,Smartphone,102312.0,94.0,9617328.0,2024-11-02,Medium,4.9,,,,,,,,,,,,,,,,,,,,,,,,,,,,,2025-10-06T11:21:21.930749,1,5.552154368446548,1.6067630485996014
sales,SALE0921,Dhaka,Central,23.85437,90.455768,Clothing,Jeans,2139.0,78.0,166842.0,2025-02-07,Medium,3.3,,,,,,,,,,,,,,,,,,,,,,,,,,,,,2025-10-06T11:21:21.930749,4,-0.436365472424368,-0.6808944733535257
sales,SALE0922,Dhaka,Central,23.764486,90.493827,Electronics,Bluetooth Speaker,86753.0,19.0,1648307.0,2024-12-12,Small,4.2,,,,,,,,,,,,,,,,,,,,,,,,,,,,,2025-10-06T11:21:21.930749,6,1.4380121526561267,-0.4362735576578575
sales,SALE0923,Sylhet,East,24.95341,91.876758,Electronics,Smartwatch,29983.0,93.0,2788419.0,2024-10-20,Medium,4.8,,,,,,,,,,,,,,,,,,,,,,,,,,,,,2025-10-06T11:21:21.930749,5,1.2978895928860035,1.7670417431358936
sales,SALE0924,Rangamati,East,22.590215,92.185102,Grocery,Tea (250g),644.0,9.0,5796.0,2025-06-11,Medium,3.8,,,,,,,,,,,,,,,,,,,,,,,,,,,,,2025-10-06T11:21:21.930749,2,-1.2130072554409492,-0.7383847690883983
sales,SALE0925,Jessore,West,23.091925,89.290205,Clothing,T-Shirt,367.0,26.0,9542.0,2025-01-12,Large,4.4,,,,,,,,,,,,,,,,,,,,,,,,,,,,,2025-10-06T11:21:21.930749,3,-1.070706519085687,0.43067687235820107
sales,SALE0926,Sylhet,East,24.863513,91.851418,Electronics,Headphones,87365.0,13.0,1135745.0,2025-07-08,Medium,4.8,,,,,,,,,,,,,,,,,,,,,,,,,,,,,2025-10-06T11:21:21.930749,6,1.1797676052325607,0.4359505002380863
sales,SALE0927,Chattogram,Central,22.427827,91.633931,Sports,Yoga Mat,1779.0,69.0,122751.0,2025-01-22,Small,3.2,,,,,,,,,,,,,,,,,,,,,,,,,,,,,2025-10-06T11:21:21.930749,4,-0.5454985372882214,-0.9508212071064087
sales,SALE0928,Gaibandha,North,25.313848,89.520281,Sports,Dumbbell Set,4770.0,78.0,372060.0,2025-01-03,Small,4.8,,,,,,,,,,,,,,,,,,,,,,,,,,,,,2025-10-06T11:21:21.930749,5,-0.341474799920367,1.6953708089760509
sales,SALE0929,Rajshahi,West,24.44742,88.56737,Clothing,Handbag,3079.0,84.0,258636.0,2025-02-28,Large,3.8,,,,,,,,,,,,,,,,,,,,,,,,,,,,,2025-10-06T11:21:21.930749,4,-0.3363512440933772,0.18589616934167424
sales,SALE0930,Brahmanbaria,East,23.983628,91.043724,Clothing,Handbag,477.0,90.0,42930.0,2025-01-08,Medium,3.5,,,,,,,,,,,,,,,,,,,,,,,,,,,,,2025-10-06T11:21:21.930749,4,-0.411053843882023,-0.20479877975288596
sales,SALE0931,Dhaka,Central,23.865341,90.476182,Grocery,Spice Mix,533.0,99.0,52767.0,2025-03-25,Medium,4.2,,,,,,,,,,,,,,,,,,,,,,,,,,,,,2025-10-06T11:21:21.930749,5,-0.33911722036239267,1.0219763851470909
sales,SALE0932,Chandpur,Central,23.321359,90.649981,Beauty,Face Mask,4919.0,13.0,63947.0,2025-03-03,Small,3.5,,,,,,,,,,,,,,,,,,,,,,,,,,,,,2025-10-06T11:21:21.930749,2,-1.0473390399704015,-1.189308927552575
sales,SALE0933,Dinajpur,North,25.737602,88.572414,Furniture,Dining Set,20237.0,11.0,222607.0,2025-05-14,Large,4.8,,,,,,,,,,,,,,,,,,,,,,,,,,,,,2025-10-06T11:21:21.930749,3,-0.6987895611678442,0.7729377380021853
sales,SALE0934,Lalmonirhat,North,25.914005,89.391062,Furniture,Bed,21895.0,25.0,547375.0,2025-10-04,Large,4.5,,,,,,,,,,,,,,,,,,,,,,,,,,,,,2025-10-06T11:21:21.930749,3,-0.39292102229320575,0.46381801600668593
sales,SALE0935,Bogra,North,24.859807,89.312456,Grocery,Rice (5kg),631.0,67.0,42277.0,2025-08-07,Large,3.0,,,,,,,,,,,,,,,,,,,,,,,,,,,,,2025-10-06T11:21:21.930749,4,-0.6157884302280976,-1.288717069688435
sales,SALE0936,Jessore,West,23.225194,89.22851,Furniture,Wardrobe,18462.0,89.0,1643118.0,2025-04-28,Medium,3.7,,,,,,,,,,,,,,,,,,,,,,,,,,,,,2025-10-06T11:21:21.930749,4,0.5921279083320339,0.017710113209104948
sales,SALE0937,Dhaka,Central,23.755692,90.462585,Clothing,Jeans,2045.0,84.0,171780.0,2024-12-11,Medium,3.5,,,,,,,,,,,,,,,,,,,,,,,,,,,,,2025-10-06T11:21:21.930749,4,-0.38433125949005376,-0.28700487982160466
sales,SALE0938,Khulna,West,22.925092,89.574744,Grocery,Tea (250g),473.0,73.0,34529.0,2025-04-02,Large,3.6,,,,,,,,,,,,,,,,,,,,,,,,,,,,,2025-10-06T11:21:21.930749,4,-0.5815383791164533,-0.25759419966161656
sales,SALE0939,Rajshahi,West,24.295309,88.615162,Grocery,Honey (500g),446.0,97.0,43262.0,2025-06-24,Medium,4.1,,,,,,,,,,,,,,,,,,,,,,,,,,,,,2025-10-06T11:21:21.930749,5,-0.3611825724101838,0.8381720977070671
sales,SALE0940,Natore,North,24.455304,89.065439,Grocery,Tea (250g),534.0,23.0,12282.0,2025-03-31,Large,4.1,,,,,,,,,,,,,,,,,,,,,,,,,,,,,2025-10-06T11:21:21.930749,3,-1.086289237808726,-0.08538214116420899
sales,SALE0941,Dhaka,Central,23.758982,90.4863,Clothing,Jacket,1556.0,74.0,115144.0,2025-04-13,Large,3.8,,,,,,,,,,,,,,,,,,,,,,,,,,,,,2025-10-06T11:21:21.930749,4,-0.5223198789250496,0.06819254512099172
sales,SALE0942,Pabna,North,23.985781,89.345435,Clothing,Jeans,3802.0,85.0,323170.0,2025-08-07,Large,3.5,,,,,,,,,,,,,,,,,,,,,,,,,,,,,2025-10-06T11:21:21.930749,4,-0.27705382098435594,-0.2827437750477735
sales,SALE0943,Barishal,South,22.67503,90.333046,Sports,Dumbbell Set,5801.0,13.0,75413.0,2025-06-19,Large,3.8,,,,,,,,,,,,,,,,,,,,,,,,,,,,,2025-10-06T11:21:21.930749,2,-1.0317209740076962,-0.716315538418493
sales,SALE0944,Bogra,North,24.820309,89.356762,Sports,Badminton Racket,18541.0,79.0,1464739.0,2024-10-15,Large,4.4,,,,,,,,,,,,,,,,,,,,,,,,,,,,,2025-10-06T11:21:21.930749,5,0.408686320765179,1.005566483193981
sales,SALE0945,Rajshahi,West,24.386508,88.565317,Clothing,Jeans,1893.0,82.0,155226.0,2025-10-04,Small,4.6,,,,,,,,,,,,,,,,,,,,,,,,,,,,,2025-10-06T11:21:21.930749,5,-0.44498903523700734,1.4404963316864665
sales,SALE0946,Magura,West,23.425633,89.315459,Clothing,Dress,2758.0,56.0,154448.0,2025-08-22,Small,3.5,,,,,,,,,,,,,,,,,,,,,,,,,,,,,2025-10-06T11:21:21.930749,4,-0.6455742509234769,-0.640269847799609
sales,SALE0947,Dhaka,Central,23.720605,90.331173,Beauty,Shampoo,855.0,78.0,66690.0,2025-09-17,Large,3.8,,,,,,,,,,,,,,,,,,,,,,,,,,,,,2025-10-06T11:21:21.930749,4,-0.5180190618511236,0.1214650283529491
sales,SALE0948,Kushtia,West,23.882606,89.133165,Clothing,Dress,2814.0,84.0,236376.0,2025-01-13,Medium,4.4,,,,,,,,,,,,,,,,,,,,,,,,,,,,,2025-10-06T11:21:21.930749,5,-0.36806611849016657,1.142648018717965
sales,SALE0949,Manikganj,Central,23.880024,90.007864,Sports,Yoga Mat,2382.0,100.0,238200.0,2025-07-09,Large,4.0,,,,,,,,,,,,,,,,,,,,,,,,,,,,,2025-10-06T11:21:21.930749,5,-0.21096387900164834,0.7075639792565561
sales,SALE0950,Chattogram,Central,22.429446,91.891632,Clothing,T-Shirt,1126.0,85.0,95710.0,2025-01-14,Medium,3.4,,,,,,,,,,,,,,,,,,,,,,,,,,,,,2025-10-06T11:21:21.930749,4,-0.4216583027185275,-0.4294620689210624
sales,SALE0951,Rangpur,North,25.729909,89.217328,Clothing,Handbag,2755.0,66.0,181830.0,2025-01-15,Large,3.5,,,,,,,,,,,,,,,,,,,,,,,,,,,,,2025-10-06T11:21:21.930749,4,-0.5384811342955758,-0.5152843181117699
sales,SALE0952,Chattogram,Central,22.465153,91.854633,HomeAppliances,Microwave,4363.0,47.0,205061.0,2025-06-06,Large,3.0,,,,,,,,,,,,,,,,,,,,,,,,,,,,,2025-10-06T11:21:21.930749,2,-0.6627095043047943,-1.5571223116534476
sales,SALE0953,Gaibandha,North,25.305295,89.466163,Grocery,Cooking Oil (1L),128.0,36.0,4608.0,2025-03-16,Medium,4.3,,,,,,,,,,,,,,,,,,,,,,,,,,,,,2025-10-06T11:21:21.930749,3,-0.9784561792979316,0.3973948099108537
sales,SALE0954,Jessore,West,23.213082,89.208344,Electronics,Bluetooth Speaker,84818.0,26.0,2205268.0,2025-01-14,Small,4.5,,,,,,,,,,,,,,,,,,,,,,,,,,,,,2025-10-06T11:21:21.930749,6,1.6674165072727665,0.14498615263930661
sales,SALE0955,Rangpur,North,25.740201,89.27066,Furniture,Office Chair,10909.0,71.0,774539.0,2025-05-14,Large,4.7,,,,,,,,,,,,,,,,,,,,,,,,,,,,,2025-10-06T11:21:21.930749,5,-0.11376031227733346,1.4188957358387022
sales,SALE0956,Barishal,South,22.726279,90.442847,Grocery,Tea (250g),396.0,45.0,17820.0,2025-05-18,Small,4.2,,,,,,,,,,,,,,,,,,,,,,,,,,,,,2025-10-06T11:21:21.930749,3,-0.8775091485409048,0.349021038399395
sales,SALE0957,Netrokona,Central,24.996872,90.709036,Electronics,Tablet,67606.0,52.0,3515512.0,2024-12-16,Small,3.5,,,,,,,,,,,,,,,,,,,,,,,,,,,,,2025-10-06T11:21:21.930749,6,2.0636327186897163,-1.015197545311516
sales,SALE0958,Netrokona,Central,24.893074,90.727369,HomeAppliances,Electric Fan,35176.0,14.0,492464.0,2024-12-24,Small,4.0,,,,,,,,,,,,,,,,,,,,,,,,,,,,,2025-10-06T11:21:21.930749,2,-0.20749606529058728,-0.5435478773562618
sales,SALE0959,Dhaka,Central,23.832099,90.260565,Beauty,Shampoo,1158.0,66.0,76428.0,2025-05-28,Large,4.6,,,,,,,,,,,,,,,,,,,,,,,,,,,,,2025-10-06T11:21:21.930749,5,-0.646397374145742,1.2442610033369745
sales,SALE0960,Bogra,North,24.838876,89.489512,Sports,Yoga Mat,8696.0,89.0,773944.0,2025-02-22,Medium,4.1,,,,,,,,,,,,,,,,,,,,,,,,,,,,,2025-10-06T11:21:21.930749,5,0.027454079369139208,0.7000671808553339
sales,SALE0961,Manikganj,Central,23.826253,89.975815,Sports,Cricket Bat,11630.0,100.0,1163000.0,2025-02-14,Large,3.9,,,,,,,,,,,,,,,,,,,,,,,,,,,,,2025-10-06T11:21:21.930749,4,0.3548197146123981,0.5063753612014665
sales,SALE0962,Barishal,South,22.673494,90.344678,Grocery,Tea (250g),68.0,62.0,4216.0,2025-08-08,Medium,3.1,,,,,,,,,,,,,,,,,,,,,,,,,,,,,2025-10-06T11:21:21.930749,4,-0.6942471166574428,-1.1890804687393268
sales,SALE0963,Saidpur,North,25.735369,88.96807,Sports,Dumbbell Set,7721.0,87.0,671727.0,2024-10-12,Small,4.6,,,,,,,,,,,,,,,,,,,,,,,,,,,,,2025-10-06T11:21:21.930749,5,-0.06737737285183268,1.4757590371056324
sales,SALE0964,Mymensingh,Central,24.771292,90.405092,Electronics,Bluetooth Speaker,54281.0,67.0,3636827.0,2025-01-05,Small,4.4,,,,,,,,,,,,,,,,,,,,,,,,,,,,,2025-10-06T11:21:21.930749,6,1.9298985020316461,0.6799544321987259
sales,SALE0965,Bogra,North,24.862628,89.449772,Clothing,Jacket,1316.0,37.0,48692.0,2025-08-20,Medium,4.3,,,,,,,,,,,,,,,,,,,,,,,,,,,,,2025-10-06T11:21:21.930749,3,-0.925166430570815,0.40373627476129365
sales,SALE0966,Netrokona,Central,24.906627,90.814074,Grocery,Spice Mix,390.0,10.0,3900.0,2024-12-27,Small,4.0,,,,,,,,,,,,,,,,,,,,,,,,,,,,,2025-10-06T11:21:21.930749,3,-1.2155164007765034,-0.4060274057529258
sales,SALE0967,Barishal,South,22.814622,90.406842,Sports,Badminton Racket,7661.0,74.0,566914.0,2025-05-22,Small,4.9,,,,,,,,,,,,,,,,,,,,,,,,,,,,,2025-10-06T11:21:21.930749,5,-0.24321636474716316,1.790698577598391
sales,SALE0968,Chattogram,Central,22.292485,91.800763,Grocery,Honey (500g),234.0,64.0,14976.0,2025-06-26,Small,4.5,,,,,,,,,,,,,,,,,,,,,,,,,,,,,2025-10-06T11:21:21.930749,5,-0.7072183950215218,1.064567206295112
sales,SALE0969,Dhaka,Central,23.817349,90.507818,Grocery,Spice Mix,311.0,27.0,8397.0,2025-06-11,Small,4.7,,,,,,,,,,,,,,,,,,,,,,,,,,,,,2025-10-06T11:21:21.930749,3,-1.0713462460868122,0.9211987857304276
sales,SALE0970,Sylhet,East,24.889325,91.820402,Grocery,Spice Mix,673.0,46.0,30958.0,2025-07-19,Small,3.2,,,,,,,,,,,,,,,,,,,,,,,,,,,,,2025-10-06T11:21:21.930749,2,-0.8278871907732435,-1.2324232539011848
sales,SALE0971,Chattogram,Central,22.333018,91.707892,Furniture,Office Chair,49290.0,85.0,4189650.0,2025-01-27,Large,3.0,,,,,,,,,,,,,,,,,,,,,,,,,,,,,2025-10-06T11:21:21.930749,1,2.2441147281361706,-1.29204371888958
sales,SALE0972,Dhaka,Central,23.663828,90.535678,Clothing,Handbag,2517.0,6.0,15102.0,2025-02-02,Medium,4.2,,,,,,,,,,,,,,,,,,,,,,,,,,,,,2025-10-06T11:21:21.930749,3,-1.2078098021521406,-0.1490474300298786
sales,SALE0973,Rangpur,North,25.744841,89.204901,Beauty,Lipstick,4906.0,36.0,176616.0,2025-01-28,Small,5.0,,,,,,,,,,,,,,,,,,,,,,,,,,,,,2025-10-06T11:21:21.930749,3,-0.8251148374303248,1.487454544007208
sales,SALE0974,Dhaka,Central,23.895086,90.526337,Electronics,Smartwatch,60150.0,29.0,1744350.0,2024-12-15,Small,3.1,,,,,,,,,,,,,,,,,,,,,,,,,,,,,2025-10-06T11:21:21.930749,6,1.005217712446752,-1.915367027702331
sales,SALE0975,Thakurgaon,North,26.038764,88.389796,Grocery,Spice Mix,473.0,62.0,29326.0,2025-01-03,Small,4.0,,,,,,,,,,,,,,,,,,,,,,,,,,,,,2025-10-06T11:21:21.930749,5,-0.7013230920078579,0.24219246919668874
sales,SALE0976,Tangail,Central,24.227273,89.906881,Electronics,Bluetooth Speaker,97959.0,100.0,9795900.0,2025-07-09,Medium,5.0,,,,,,,,,,,,,,,,,,,,,,,,,,,,,2025-10-06T11:21:21.930749,1,5.578007516003748,1.8666606871170914
sales,SALE0977,Chattogram,Central,22.359513,91.719564,Electronics,Power Bank,49373.0,89.0,4394197.0,2025-10-02,Small,4.3,,,,,,,,,,,,,,,,,,,,,,,,,,,,,2025-10-06T11:21:21.930749,1,2.3258806483247723,0.8296726862314867
sales,SALE0978,Sylhet,East,24.943791,91.742361,Clothing,Dress,2679.0,13.0,34827.0,2025-04-23,Medium,4.2,,,,,,,,,,,,,,,,,,,,,,,,,,,,,2025-10-06T11:21:21.930749,3,-1.1289425602605787,-0.06245892774975177
sales,SALE0979,Dhaka,Central,23.86798,90.495681,Electronics,Smartwatch,32530.0,71.0,2309630.0,2025-05-25,Small,3.5,,,,,,,,,,,,,,,,,,,,,,,,,,,,,2025-10-06T11:21:21.930749,4,0.9959701013419999,-0.5963844738047241
sales,SALE0980,Barishal,South,22.682934,90.349649,Clothing,Shoes,1705.0,47.0,80135.0,2025-07-04,Medium,3.8,,,,,,,,,,,,,,,,,,,,,,,,,,,,,2025-10-06T11:21:21.930749,2,-0.7933605027064309,-0.26966105197077195
sales,SALE0981,Rajshahi,West,24.44011,88.663996,Electronics,Bluetooth Speaker,99843.0,97.0,9684771.0,2025-03-30,Medium,4.7,,,,,,,,,,,,,,,,,,,,,,,,,,,,,2025-10-06T11:21:21.930749,1,5.557292631874028,1.3399833667694152
sales,SALE0982,Khulna,West,22.829249,89.527493,Clothing,Jacket,2146.0,24.0,51504.0,2024-12-18,Small,5.0,,,,,,,,,,,,,,,,,,,,,,,,,,,,,2025-10-06T11:21:21.930749,3,-1.0511561787632557,1.3518300077950174
sales,SALE0983,Chattogram,Central,22.382475,91.899309,HomeAppliances,Air Conditioner,16979.0,13.0,220727.0,2025-05-21,Small,4.1,,,,,,,,,,,,,,,,,,,,,,,,,,,,,2025-10-06T11:21:21.930749,3,-0.7333206228901066,-0.29889553630457755
sales,SALE0984,Comilla,East,23.451542,91.1595,Sports,Treadmill,6924.0,19.0,131556.0,2025-07-22,Medium,4.6,,,,,,,,,,,,,,,,,,,,,,,,,,,,,2025-10-06T11:21:21.930749,3,-0.9498884739864157,0.6268642289012407
sales,SALE0985,Rajshahi,West,24.365861,88.627172,HomeAppliances,Microwave,29624.0,64.0,1895936.0,2025-07-30,Large,4.0,,,,,,,,,,,,,,,,,,,,,,,,,,,,,2025-10-06T11:21:21.930749,5,0.689826609245539,0.12454125500001087
sales,SALE0986,Chattogram,Central,22.373049,91.77954,Clothing,Sunglasses,1593.0,63.0,100359.0,2025-05-06,Medium,4.1,,,,,,,,,,,,,,,,,,,,,,,,,,,,,2025-10-06T11:21:21.930749,5,-0.6420832923475573,0.4084283542428715
sales,SALE0987,Chattogram,Central,22.417941,91.730594,HomeAppliances,Washing Machine,5126.0,51.0,261426.0,2025-08-17,Large,3.3,,,,,,,,,,,,,,,,,,,,,,,,,,,,,2025-10-06T11:21:21.930749,4,-0.5938680106387194,-1.033147024143754
sales,SALE0988,Barishal,South,22.722739,90.382026,Grocery,Cooking Oil (1L),300.0,61.0,18300.0,2024-11-18,Small,3.9,,,,,,,,,,,,,,,,,,,,,,,,,,,,,2025-10-06T11:21:21.930749,4,-0.7162404628456577,0.07131811467988222
sales,SALE0989,Nilphamari,North,25.893522,88.875464,Electronics,Camera,42048.0,47.0,1976256.0,2025-04-05,Large,4.1,,,,,,,,,,,,,,,,,,,,,,,,,,,,,2025-10-06T11:21:21.930749,6,0.8327122913838885,0.003942399714516639
sales,SALE0990,Barishal,South,22.726137,90.203904,Grocery,Spice Mix,303.0,45.0,13635.0,2025-09-26,Medium,3.2,,,,,,,,,,,,,,,,,,,,,,,,,,,,,2025-10-06T11:21:21.930749,2,-0.8525184141542781,-1.2430199903603099
sales,SALE0991,Magura,West,23.435017,89.51445,Electronics,Tablet,83609.0,74.0,6187066.0,2024-11-08,Large,4.1,,,,,,,,,,,,,,,,,,,,,,,,,,,,,2025-10-06T11:21:21.930749,1,3.6444346584343816,0.15269963408533319
sales,SALE0992,Dhaka,Central,23.781211,90.342067,Electronics,Smartwatch,54544.0,42.0,2290848.0,2024-10-27,Large,4.0,,,,,,,,,,,,,,,,,,,,,,,,,,,,,2025-10-06T11:21:21.930749,6,1.188878815113861,-0.2835967811839749
sales,SALE0993,Pabna,North,23.908416,89.186921,Clothing,Sunglasses,2130.0,11.0,23430.0,2025-03-25,Large,3.6,,,,,,,,,,,,,,,,,,,,,,,,,,,,,2025-10-06T11:21:21.930749,2,-1.1477734771781962,-1.0399854805793964
sales,SALE0994,Bogra,North,24.844828,89.292357,Grocery,Honey (500g),188.0,22.0,4136.0,2024-11-13,Medium,3.8,,,,,,,,,,,,,,,,,,,,,,,,,,,,,2025-10-06T11:21:21.930749,2,-1.0982512966875988,-0.5737745461986473
sales,SALE0995,Narayanganj,Central,23.644147,90.450956,Grocery,Tea (250g),625.0,52.0,32500.0,2025-08-31,Small,3.3,,,,,,,,,,,,,,,,,,,,,,,,,,,,,2025-10-06T11:21:21.930749,4,-0.7732543047010418,-0.9980729083205302
sales,SALE0996,Dhaka,Central,23.826843,90.49956,Clothing,Jeans,1584.0,41.0,64944.0,2024-11-06,Medium,4.4,,,,,,,,,,,,,,,,,,,,,,,,,,,,,2025-10-06T11:21:21.930749,3,-0.8771133457199076,0.6115466571471178
sales,SALE0997,Sylhet,East,24.963725,91.887488,Grocery,Tea (250g),700.0,51.0,35700.0,2025-05-21,Medium,4.6,,,,,,,,,,,,,,,,,,,,,,,,,,,,,2025-10-06T11:21:21.930749,3,-0.8172987747715093,1.059342136361786
sales,SALE0998,Jamalpur,Central,24.844421,89.94785,Grocery,Sugar (1kg),641.0,67.0,42947.0,2025-02-18,Medium,3.3,,,,,,,,,,,,,,,,,,,,,,,,,,,,,2025-10-06T11:21:21.930749,4,-0.623912735842771,-0.8110116434762148
sales,SALE0999,Sylhet,East,24.912235,92.019393,Clothing,Handbag,394.0,17.0,6698.0,2025-06-08,Large,3.5,,,,,,,,,,,,,,,,,,,,,,,,,,,,,2025-10-06T11:21:21.930749,2,-1.132355324928259,-1.1149903358192452
sales,SALE1000,Khulna,West,22.753596,89.538363,Electronics,Laptop,35600.0,22.0,783200.0,2025-03-17,Small,3.2,,,,,,,,,,,,,,,,,,,,,,,,,,,,,2025-10-06T11:21:21.930749,2,0.013928573676871671,-1.7172605907450702
